cam_left,cam_right,cam_centre,steering_in_value,steering_value,throttle_in_value,throttle_value,clutch_in_value,clutch_value,wheelspeed_value,rpmspin_value
0_cam_left.jpg,0_cam_right.jpg,0_cam_center.jpg,0.027456452,0,0.999999999,0.999999999,0,1,0.070793773,316.1088531
1_cam_left.jpg,1_cam_right.jpg,1_cam_center.jpg,0.099049547,-51.39032502,0.827731147,0.827731147,0,0,4.651636162,72.81351895
2_cam_left.jpg,2_cam_right.jpg,2_cam_center.jpg,0.083982246,-44.69729859,0.883506163,0.883506163,0,0,5.601906223,314.7021787
3_cam_left.jpg,3_cam_right.jpg,3_cam_center.jpg,0.071687291,-38.6972465,0.841591438,0.841591438,0,0,6.515385132,344.2410724
4_cam_left.jpg,4_cam_right.jpg,4_cam_center.jpg,0.059052177,-32.21691356,0.916102557,0.916102557,0,0,7.234017491,52.73981608
5_cam_left.jpg,5_cam_right.jpg,5_cam_center.jpg,0.047415061,-26.17056462,0.958035585,0.958035585,0,0,8.172828398,161.3620292
6_cam_left.jpg,6_cam_right.jpg,6_cam_center.jpg,0.031888945,-18.2677791,0.967122531,0.967122531,0,0,8.962899399,117.1618589
7_cam_left.jpg,7_cam_right.jpg,7_cam_center.jpg,0.017549024,-10.69229346,0.996726132,0.996726132,0,0,10.2679227,126.4781985
8_cam_left.jpg,8_cam_right.jpg,8_cam_center.jpg,0.006495797,-4.539980721,0.999984406,0.999984406,0,0,11.56476757,229.2007278
9_cam_left.jpg,9_cam_right.jpg,9_cam_center.jpg,0.000283171,-0.996508744,0.982159402,0.982159402,0,0,12.21729692,194.6484774
10_cam_left.jpg,10_cam_right.jpg,10_cam_center.jpg,-0.003431625,1.538512932,0.997239252,0.997239252,0,0,13.35359639,87.34049994
11_cam_left.jpg,11_cam_right.jpg,11_cam_center.jpg,-0.003480245,1.883236914,0.99497094,0.99497094,0,0,14.22999524,155.9332886
12_cam_left.jpg,12_cam_right.jpg,12_cam_center.jpg,-0.001735863,1.084222959,0.999620283,0.999620283,0,0,15.20933026,209.9571077
13_cam_left.jpg,13_cam_right.jpg,13_cam_center.jpg,-0.001348613,0.623304039,0.997278993,0.997278993,0,0,15.79656275,25.87681463
14_cam_left.jpg,14_cam_right.jpg,14_cam_center.jpg,-0.003469834,1.374031681,0.996081028,0.996081028,0,0,16.8209495,204.148856
15_cam_left.jpg,15_cam_right.jpg,15_cam_center.jpg,-0.007092839,3.155270944,0.967090059,0,0,1,16.99347364,98.56665988
16_cam_left.jpg,16_cam_right.jpg,16_cam_center.jpg,-0.005558143,3.41901932,0.999305213,0,0,1,16.98448514,16.4346146
17_cam_left.jpg,17_cam_right.jpg,17_cam_center.jpg,0.001147192,0.302698064,0.986807663,0,0,0.199999988,17.70006998,181.849109
18_cam_left.jpg,18_cam_right.jpg,18_cam_center.jpg,0.00567945,-2.39505743,0.979369408,0.979369408,0,0,18.19718076,155.2787894
19_cam_left.jpg,19_cam_right.jpg,19_cam_center.jpg,0.004124489,-2.43507718,0.98534493,0.98534493,0,0,18.77735235,235.596424
20_cam_left.jpg,20_cam_right.jpg,20_cam_center.jpg,-0.005196681,1.117095955,0.999592757,0.999592757,0,0,19.43501341,343.1992335
21_cam_left.jpg,21_cam_right.jpg,21_cam_center.jpg,-0.019551879,7.800288094,0.984062689,0.984062689,0,0,20.13465586,118.5492223
22_cam_left.jpg,22_cam_right.jpg,22_cam_center.jpg,-0.033223971,16.22851841,0.90493595,0.90493595,0,0,20.9465742,160.2738557
23_cam_left.jpg,23_cam_right.jpg,23_cam_center.jpg,-0.039682754,19.77211028,0.63559379,0.63559379,0,0,21.55184349,5.016611791
24_cam_left.jpg,24_cam_right.jpg,24_cam_center.jpg,-0.034532903,18.72114241,0.67449382,0.67449382,0,0,22.18751684,239.1476813
25_cam_left.jpg,25_cam_right.jpg,25_cam_center.jpg,-0.026986549,15.10200198,0.586327996,0.586327996,0,0,22.54676371,250.3528242
26_cam_left.jpg,26_cam_right.jpg,26_cam_center.jpg,-0.014878106,9.037161986,0.660101031,0.660101031,0,0,23.06947603,162.7724073
27_cam_left.jpg,27_cam_right.jpg,27_cam_center.jpg,-0.0079746,5.033812246,0.881471082,0.881471082,0,0,23.57828499,204.2246148
28_cam_left.jpg,28_cam_right.jpg,28_cam_center.jpg,-0.003714463,2.547273633,0.887404845,0.887404845,0,0,24.11952192,261.8078379
29_cam_left.jpg,29_cam_right.jpg,29_cam_center.jpg,-0.000822178,0.823724787,0.988828084,0.988828084,0,0,24.48507374,335.3968906
30_cam_left.jpg,30_cam_right.jpg,30_cam_center.jpg,-0.000228134,0.182927967,0.999178616,0.999178616,0,0,24.98213007,60.54148023
31_cam_left.jpg,31_cam_right.jpg,31_cam_center.jpg,-0.000143442,0.121238212,0.999753553,0.999753553,0,0,25.58046782,83.84196665
32_cam_left.jpg,32_cam_right.jpg,32_cam_center.jpg,0.000353407,-0.086341571,0.976420224,0.976420224,0,0,26.05608719,207.6726794
33_cam_left.jpg,33_cam_right.jpg,33_cam_center.jpg,0.000806357,-0.280927658,0.988128136,0.988128136,0,0,26.50077221,345.0742253
34_cam_left.jpg,34_cam_right.jpg,34_cam_center.jpg,0.000133599,-0.183974924,0.994628514,0.994628514,0,0,26.95801992,137.8270106
35_cam_left.jpg,35_cam_right.jpg,35_cam_center.jpg,-0.000572577,0.189624095,0.998403314,0.998403314,0,0,27.33157677,304.6769873
36_cam_left.jpg,36_cam_right.jpg,36_cam_center.jpg,-0.000599502,0.4157722,0.999004328,0.999004328,0,0,27.96241488,127.5143259
37_cam_left.jpg,37_cam_right.jpg,37_cam_center.jpg,0.003056383,-1.016595098,0.99999618,0.99999618,0,0,28.44113857,276.0224452
38_cam_left.jpg,38_cam_right.jpg,38_cam_center.jpg,0.006306327,-2.752633909,0.969142617,0.969142617,0,0,28.89497292,134.0879614
39_cam_left.jpg,39_cam_right.jpg,39_cam_center.jpg,0.008936955,-4.206219574,0.981583752,0.981583752,0,0,29.32959154,7.745409484
40_cam_left.jpg,40_cam_right.jpg,40_cam_center.jpg,0.007643079,-4.206718027,0.951940088,0.951940088,0,0,29.82916368,220.0120464
41_cam_left.jpg,41_cam_right.jpg,41_cam_center.jpg,0.004395904,-2.798109409,0.959150845,0.959150845,0,0,30.19466892,122.4647758
42_cam_left.jpg,42_cam_right.jpg,42_cam_center.jpg,0.001383991,-1.287147254,0.988144688,0,0,1,29.90048069,40.83076
43_cam_left.jpg,43_cam_right.jpg,43_cam_center.jpg,-0.002402871,0.517526231,0.981163183,0,0,1,29.83714354,307.8431838
44_cam_left.jpg,44_cam_right.jpg,44_cam_center.jpg,-0.008967292,3.683727599,0.374799354,0,0,0.179999988,30.51949253,99.0335924
45_cam_left.jpg,45_cam_right.jpg,45_cam_center.jpg,-0.015281531,6.740700111,0.112100651,0.112100651,0,0,30.15974464,86.4847474
46_cam_left.jpg,46_cam_right.jpg,46_cam_center.jpg,-0.019924313,9.480858605,0,0,0,0,29.56274443,17.46563746
47_cam_left.jpg,47_cam_right.jpg,47_cam_center.jpg,-0.019796135,10.48454056,0,0,0,0,29.4344141,148.7120288
48_cam_left.jpg,48_cam_right.jpg,48_cam_center.jpg,-0.01328352,7.406680788,0,0,0,0,28.61775398,122.5895624
49_cam_left.jpg,49_cam_right.jpg,49_cam_center.jpg,-0.010061552,5.671873785,0,0,0,0,28.26350161,21.97780963
50_cam_left.jpg,50_cam_right.jpg,50_cam_center.jpg,-0.012722013,6.15575552,0,0,0,0,25.20674292,305.5767023
51_cam_left.jpg,51_cam_right.jpg,51_cam_center.jpg,-0.017803442,8.502927251,0,0,0,0,23.98518814,331.2558185
52_cam_left.jpg,52_cam_right.jpg,52_cam_center.jpg,-0.020331596,10.29718914,0,0,0,0.615000009,23.08514368,315.7012523
53_cam_left.jpg,53_cam_right.jpg,53_cam_center.jpg,-0.019882817,9.877771513,0,0.5,0,1,22.48896109,122.8531121
54_cam_left.jpg,54_cam_right.jpg,54_cam_center.jpg,-0.028579685,12.48747965,0.545112945,0,0,0,22.46517889,61.5604899
55_cam_left.jpg,55_cam_right.jpg,55_cam_center.jpg,-0.041439611,19.52165058,0.362038695,0.362038695,0,0,23.13755905,333.7522732
56_cam_left.jpg,56_cam_right.jpg,56_cam_center.jpg,-0.045219526,23.40682484,0.19981514,0.19981514,0,0,23.27008953,263.5266045
57_cam_left.jpg,57_cam_right.jpg,57_cam_center.jpg,-0.038704866,21.2864241,0.169335442,0.169335442,0,0,23.39015614,303.3301947
58_cam_left.jpg,58_cam_right.jpg,58_cam_center.jpg,-0.029828078,16.83901908,0.043354317,0.043354317,0,0,23.35990345,344.00397
59_cam_left.jpg,59_cam_right.jpg,59_cam_center.jpg,-0.022707663,12.69519567,0,0,0,0,23.17847546,16.97617952
60_cam_left.jpg,60_cam_right.jpg,60_cam_center.jpg,-0.019949144,10.4860267,0,0,0,0,22.88842066,50.04822809
61_cam_left.jpg,61_cam_right.jpg,61_cam_center.jpg,-0.024293601,11.6116082,0,0,0,0,21.91787807,318.067197
62_cam_left.jpg,62_cam_right.jpg,62_cam_center.jpg,-0.04085388,18.56333911,0.262218003,0.262218003,0,0,22.99132095,222.4236585
63_cam_left.jpg,63_cam_right.jpg,63_cam_center.jpg,-0.056342982,27.71744555,0,0,0,0,21.82629736,133.4589008
64_cam_left.jpg,64_cam_right.jpg,64_cam_center.jpg,-0.052413011,28.1967525,0.083589259,0.083589259,0,0,22.4793655,17.14366138
65_cam_left.jpg,65_cam_right.jpg,65_cam_center.jpg,-0.038015402,21.32470317,0.209833119,0.209833119,0,0,22.83382811,281.4784156
66_cam_left.jpg,66_cam_right.jpg,66_cam_center.jpg,-0.030862775,16.73264993,0.208011897,0.208011897,0,0,22.91380537,304.5709579
67_cam_left.jpg,67_cam_right.jpg,67_cam_center.jpg,-0.023686619,12.95826636,0.338807473,0.338807473,0,0,23.44079527,229.8977236
68_cam_left.jpg,68_cam_right.jpg,68_cam_center.jpg,-0.016619677,9.332323331,0.638817538,0.638817538,0,0,24.2519454,181.0198859
69_cam_left.jpg,69_cam_right.jpg,69_cam_center.jpg,-0.0120803,6.880862068,0.745996317,0.745996317,0,0,24.82699064,259.676745
70_cam_left.jpg,70_cam_right.jpg,70_cam_center.jpg,-0.008306728,4.544597485,0,0,0,0,24.30678154,272.4838506
71_cam_left.jpg,71_cam_right.jpg,71_cam_center.jpg,-0.004467214,2.910026783,0,0,0,0,24.01994751,243.6511648
72_cam_left.jpg,72_cam_right.jpg,72_cam_center.jpg,-0.000602145,1.013790572,0,0,0,0,23.81016329,302.3066153
73_cam_left.jpg,73_cam_right.jpg,73_cam_center.jpg,0.004494856,-1.700412265,0,0,0,0,21.14150336,236.4347766
74_cam_left.jpg,74_cam_right.jpg,74_cam_center.jpg,0.00694535,-2.89298725,0,0,0,0,20.84036061,219.942976
75_cam_left.jpg,75_cam_right.jpg,75_cam_center.jpg,0.01270981,-5.313197173,0,0,0,0,20.88227969,186.7860599
76_cam_left.jpg,76_cam_right.jpg,76_cam_center.jpg,0.022666277,-9.865720851,0,0,0,0,20.5758847,14.95551009
77_cam_left.jpg,77_cam_right.jpg,77_cam_center.jpg,0.034759141,-15.21390796,0.470079116,0.470079116,0,0,21.06527842,182.4780752
78_cam_left.jpg,78_cam_right.jpg,78_cam_center.jpg,0.051899272,-24.76879868,0,0,0,0,20.25162191,18.89983532
79_cam_left.jpg,79_cam_right.jpg,79_cam_center.jpg,0.054148276,-28.13853154,0.022504158,0.022504158,0,0,20.25562695,179.1072975
80_cam_left.jpg,80_cam_right.jpg,80_cam_center.jpg,0.040953678,-22.14326351,0.185574064,0.185574064,0,0,20.65597023,71.42120015
81_cam_left.jpg,81_cam_right.jpg,81_cam_center.jpg,0.03378389,-18.58070947,0.380583198,0.380583198,0,0,21.02183141,27.28046454
82_cam_left.jpg,82_cam_right.jpg,82_cam_center.jpg,0.030158586,-15.91154658,0.264025702,0.264025702,0,0,21.16600531,355.4068121
83_cam_left.jpg,83_cam_right.jpg,83_cam_center.jpg,0.031281479,-15.28534515,0.518567572,0.518567572,0,0,21.57580256,329.7583702
84_cam_left.jpg,84_cam_right.jpg,84_cam_center.jpg,0.042023255,-20.71200923,0.452698612,0.452698612,0,0,22.13760532,77.28914752
85_cam_left.jpg,85_cam_right.jpg,85_cam_center.jpg,0.043229851,-22.167878,0.425038329,0.425038329,0,0,22.52415539,85.54288231
86_cam_left.jpg,86_cam_right.jpg,86_cam_center.jpg,0.037977001,-20.67743707,0.498339674,0.498339674,0,0,22.79017244,103.1794759
87_cam_left.jpg,87_cam_right.jpg,87_cam_center.jpg,0.028099024,-15.61005353,0.24533916,0.24533916,0,0,22.97725771,20.43078193
88_cam_left.jpg,88_cam_right.jpg,88_cam_center.jpg,0.017323748,-10.24798264,0.571133899,0.571133899,0,0,23.49736359,308.4387148
89_cam_left.jpg,89_cam_right.jpg,89_cam_center.jpg,0.010221711,-6.313080752,0.510279893,0.510279893,0,0,23.80167738,0.69880832
90_cam_left.jpg,90_cam_right.jpg,90_cam_center.jpg,0.005778993,-3.57775654,0.734390548,0.734390548,0,0,24.2737896,63.75733742
91_cam_left.jpg,91_cam_right.jpg,91_cam_center.jpg,0.003394032,-2.080982076,0.909204127,0.909204127,0,0,24.67994122,142.0972908
92_cam_left.jpg,92_cam_right.jpg,92_cam_center.jpg,0.001027959,-0.926791907,0.98214612,0.98214612,0,0,25.29020845,151.4220499
93_cam_left.jpg,93_cam_right.jpg,93_cam_center.jpg,-0.003164414,0.643708869,0.974872935,0.974872935,0,0,25.71404062,265.3044168
94_cam_left.jpg,94_cam_right.jpg,94_cam_center.jpg,-0.011268234,4.564083102,0.999341954,0.999341954,0,0,26.33407087,320.4850663
95_cam_left.jpg,95_cam_right.jpg,95_cam_center.jpg,-0.018497709,8.7418079,0.689312637,0.689312637,0,0,27.00220808,41.58213552
96_cam_left.jpg,96_cam_right.jpg,96_cam_center.jpg,-0.024243066,11.84289722,0.353466746,0.353466746,0,0,27.07543665,137.9204566
97_cam_left.jpg,97_cam_right.jpg,97_cam_center.jpg,-0.025847708,13.07432018,0.115903899,0.115903899,0,0,26.97191259,236.6874653
98_cam_left.jpg,98_cam_right.jpg,98_cam_center.jpg,-0.027211736,13.73656649,0,0,0,0,26.69006361,32.83342995
99_cam_left.jpg,99_cam_right.jpg,99_cam_center.jpg,-0.03126842,15.51533316,0,0,0,0,25.2437978,102.5538441
100_cam_left.jpg,100_cam_right.jpg,100_cam_center.jpg,-0.032917375,16.73289902,0,0,0,0,24.49931322,207.3681683
101_cam_left.jpg,101_cam_right.jpg,101_cam_center.jpg,-0.03487861,17.60347532,0,0,0,0,24.06352764,192.7863649
102_cam_left.jpg,102_cam_right.jpg,102_cam_center.jpg,-0.038649231,18.58999269,0,0,0,0,23.33168318,152.3272687
103_cam_left.jpg,103_cam_right.jpg,103_cam_center.jpg,-0.043484518,21.2714863,0,0,0,0,22.34438215,192.479395
104_cam_left.jpg,104_cam_right.jpg,104_cam_center.jpg,-0.045226087,22.69468729,0,0,0,0,21.83287107,208.8594105
105_cam_left.jpg,105_cam_right.jpg,105_cam_center.jpg,-0.04420078,22.59228512,0,0,0,0,21.14352098,72.68413376
106_cam_left.jpg,106_cam_right.jpg,106_cam_center.jpg,-0.04365406,21.99333627,0,0,0,0,20.56745009,40.63091284
107_cam_left.jpg,107_cam_right.jpg,107_cam_center.jpg,-0.045489588,22.46885543,0,0,0,0,20.29782266,351.1089896
108_cam_left.jpg,108_cam_right.jpg,108_cam_center.jpg,-0.048273138,24.01892934,0,0,0,0,19.82041477,289.6583329
109_cam_left.jpg,109_cam_right.jpg,109_cam_center.jpg,-0.051795843,25.35012056,0,0,0,0,19.16590965,66.02121432
110_cam_left.jpg,110_cam_right.jpg,110_cam_center.jpg,-0.055534226,27.49044132,0,0,0,0,18.61306329,328.5357869
111_cam_left.jpg,111_cam_right.jpg,111_cam_center.jpg,-0.064028701,31.75882784,0,0,0,0,17.84305521,215.6607972
112_cam_left.jpg,112_cam_right.jpg,112_cam_center.jpg,-0.066911594,33.51916265,0,0,0,0,16.62278604,81.84164782
113_cam_left.jpg,113_cam_right.jpg,113_cam_center.jpg,-0.06779954,34.72676127,0,0,0,0,16.50192321,96.81601465
114_cam_left.jpg,114_cam_right.jpg,114_cam_center.jpg,-0.068714303,35.23542787,0.004753359,0.004753359,0,0,16.41702982,274.5984005
115_cam_left.jpg,115_cam_right.jpg,115_cam_center.jpg,-0.064869434,33.76031393,0.138770806,0.138770806,0,0,16.56242134,88.10718337
116_cam_left.jpg,116_cam_right.jpg,116_cam_center.jpg,-0.058099107,30.94868862,0.197953532,0.197953532,0,0,16.65107145,269.4288008
117_cam_left.jpg,117_cam_right.jpg,117_cam_center.jpg,-0.050949096,26.86141951,0.450567129,0.450567129,0,0,17.17189582,282.5132699
118_cam_left.jpg,118_cam_right.jpg,118_cam_center.jpg,-0.04514738,23.91619475,0.422078454,0.422078454,0,0,17.74516419,322.8899299
119_cam_left.jpg,119_cam_right.jpg,119_cam_center.jpg,-0.038435678,20.60483518,0.591614139,0.591614139,0,0,18.4649237,25.19802532
120_cam_left.jpg,120_cam_right.jpg,120_cam_center.jpg,-0.034093974,18.05782695,0.611704003,0.611704003,0,0,18.9629528,114.2698541
121_cam_left.jpg,121_cam_right.jpg,121_cam_center.jpg,-0.036616042,18.6576998,0.606328595,0.606328595,0,0,19.51810412,227.8303118
122_cam_left.jpg,122_cam_right.jpg,122_cam_center.jpg,-0.035572757,18.62232155,0.630112854,0.630112854,0,0,20.04262573,6.736051684
123_cam_left.jpg,123_cam_right.jpg,123_cam_center.jpg,-0.030801188,16.5413875,0.542498065,0.542498065,0,0,20.54791368,310.0737785
124_cam_left.jpg,124_cam_right.jpg,124_cam_center.jpg,-0.023874653,13.37638543,0.619370455,0.619370455,0,0,21.02352173,268.6512864
125_cam_left.jpg,125_cam_right.jpg,125_cam_center.jpg,-0.015154972,8.672635326,0.442353466,0.442353466,0,0,21.46480659,114.3762255
126_cam_left.jpg,126_cam_right.jpg,126_cam_center.jpg,-0.011202378,6.303997194,0.76081538,0.76081538,0,0,21.89665827,102.8491436
127_cam_left.jpg,127_cam_right.jpg,127_cam_center.jpg,-0.016298112,7.657175625,0.277054547,0.277054547,0,0,22.23009745,349.4382764
128_cam_left.jpg,128_cam_right.jpg,128_cam_center.jpg,-0.026105704,12.62682016,0,0,0,0,20.06510061,214.0485907
129_cam_left.jpg,129_cam_right.jpg,129_cam_center.jpg,-0.033000071,14.75973675,0,0,0,0,19.71164005,154.0459895
130_cam_left.jpg,130_cam_right.jpg,130_cam_center.jpg,-0.04110871,20.06236453,0,0,0,0,18.90534562,76.15075183
131_cam_left.jpg,131_cam_right.jpg,131_cam_center.jpg,-0.050059237,23.39163161,0,0,0,0,18.15264862,335.2893573
132_cam_left.jpg,132_cam_right.jpg,132_cam_center.jpg,-0.066060135,32.92726687,0,0,0,0,16.95781199,66.4224638
133_cam_left.jpg,133_cam_right.jpg,133_cam_center.jpg,-0.068835164,35.03184246,0,0,0,0,16.4337014,258.1443128
134_cam_left.jpg,134_cam_right.jpg,134_cam_center.jpg,-0.069579276,35.45284516,0,0,0,0,16.01953091,71.2996678
135_cam_left.jpg,135_cam_right.jpg,135_cam_center.jpg,-0.068302458,35.02200591,0.040400861,0.040400861,0,0,16.0110749,232.4138939
136_cam_left.jpg,136_cam_right.jpg,136_cam_center.jpg,-0.063205253,32.80694829,0.30723115,0.30723115,0,0,16.14463858,209.6485963
137_cam_left.jpg,137_cam_right.jpg,137_cam_center.jpg,-0.0615697,31.50517763,0.348410864,0.348410864,0,0,16.41237207,20.6638177
138_cam_left.jpg,138_cam_right.jpg,138_cam_center.jpg,-0.060933455,30.85562674,0.465683379,0.465683379,0,0,16.87365849,199.6985952
139_cam_left.jpg,139_cam_right.jpg,139_cam_center.jpg,-0.065095722,32.42271363,0.452312457,0.452312457,0,0,17.36728572,220.1894294
140_cam_left.jpg,140_cam_right.jpg,140_cam_center.jpg,-0.06928859,34.92410357,0.160179691,0.160179691,0,0,17.47718019,70.71247388
141_cam_left.jpg,141_cam_right.jpg,141_cam_center.jpg,-0.065497493,34.4689668,0.195694882,0.195694882,0,0,17.65361778,115.5356019
142_cam_left.jpg,142_cam_right.jpg,142_cam_center.jpg,-0.057217519,29.89803981,0.407335195,0.407335195,0,0,18.10766393,171.3324287
143_cam_left.jpg,143_cam_right.jpg,143_cam_center.jpg,-0.052938552,27.336905,0.465933013,0.465933013,0,0,18.69449736,251.1199562
144_cam_left.jpg,144_cam_right.jpg,144_cam_center.jpg,-0.05321293,26.92645795,0.427975551,0.427975551,0,0,19.22613871,199.6644283
145_cam_left.jpg,145_cam_right.jpg,145_cam_center.jpg,-0.055124649,27.51793954,0.315535987,0.315535987,0,0,19.38956074,107.4161588
146_cam_left.jpg,146_cam_right.jpg,146_cam_center.jpg,-0.054203666,28.18789114,0.381680457,0.381680457,0,0,19.72442777,23.50230212
147_cam_left.jpg,147_cam_right.jpg,147_cam_center.jpg,-0.055558559,28.83489055,0.248173068,0.248173068,0,0,19.85612992,165.2545453
148_cam_left.jpg,148_cam_right.jpg,148_cam_center.jpg,-0.056795982,28.37754199,0.171722093,0.171722093,0,0,19.88168678,94.45329622
149_cam_left.jpg,149_cam_right.jpg,149_cam_center.jpg,-0.055377639,29.31577431,0.384050684,0.384050684,0,0,20.53087326,252.3339173
150_cam_left.jpg,150_cam_right.jpg,150_cam_center.jpg,-0.049270095,26.07048962,0.380087027,0.380087027,0,0,20.95312243,26.35675426
151_cam_left.jpg,151_cam_right.jpg,151_cam_center.jpg,-0.042591944,22.97835344,0.319716508,0.319716508,0,0,21.18082512,354.7214164
152_cam_left.jpg,152_cam_right.jpg,152_cam_center.jpg,-0.035825816,18.951777,0.268282277,0.268282277,0,0,21.36279914,331.7527734
153_cam_left.jpg,153_cam_right.jpg,153_cam_center.jpg,-0.030770013,16.24907598,0.471726715,0.471726715,0,0,21.86238167,191.3726893
154_cam_left.jpg,154_cam_right.jpg,154_cam_center.jpg,-0.028116443,14.90034635,0.573126356,0.573126356,0,0,22.19725531,189.4276611
155_cam_left.jpg,155_cam_right.jpg,155_cam_center.jpg,-0.023647205,12.73717542,0.628366886,0.628366886,0,0,22.70641359,88.60448105
156_cam_left.jpg,156_cam_right.jpg,156_cam_center.jpg,-0.018827854,10.52742474,0.733167525,0.733167525,0,0,23.19694656,117.6975617
157_cam_left.jpg,157_cam_right.jpg,157_cam_center.jpg,-0.010910592,6.230969153,0.719330522,0.719330522,0,0,23.88081059,319.110742
158_cam_left.jpg,158_cam_right.jpg,158_cam_center.jpg,-0.007702071,4.392473828,0.885486548,0.885486548,0,0,24.31773794,26.66507278
159_cam_left.jpg,159_cam_right.jpg,159_cam_center.jpg,-0.005421868,3.120155363,0.952238418,0.952238418,0,0,24.76407394,109.8135549
160_cam_left.jpg,160_cam_right.jpg,160_cam_center.jpg,-0.003635641,2.197417205,0.967625654,0.967625654,0,0,25.29246935,207.9608168
161_cam_left.jpg,161_cam_right.jpg,161_cam_center.jpg,0.000826727,0.567164427,0.998166008,0.998166008,0,0,25.89510544,241.9160563
162_cam_left.jpg,162_cam_right.jpg,162_cam_center.jpg,0.006751601,-2.484776085,0.99998232,0.99998232,0,0,26.27174017,14.91672539
163_cam_left.jpg,163_cam_right.jpg,163_cam_center.jpg,0.01566551,-6.791058794,0.477585311,0.477585311,0,0,26.90810778,95.41447916
164_cam_left.jpg,164_cam_right.jpg,164_cam_center.jpg,0.02476267,-11.57463942,0.057947914,0.057947914,0,0,26.55883667,184.0711823
165_cam_left.jpg,165_cam_right.jpg,165_cam_center.jpg,0.03249996,-16.09809649,0.508078172,0.508078172,0,0,27.19791332,140.0991618
166_cam_left.jpg,166_cam_right.jpg,166_cam_center.jpg,0.039888874,-18.88921886,0.564974475,0.564974475,0,0,27.90369141,317.0526932
167_cam_left.jpg,167_cam_right.jpg,167_cam_center.jpg,0.041027385,-21.40171766,0.189937197,0.189937197,0,0,27.72532053,154.8655761
168_cam_left.jpg,168_cam_right.jpg,168_cam_center.jpg,0.03197499,-17.76551462,0.183090393,0.183090393,0,0,28.01930105,283.0217254
169_cam_left.jpg,169_cam_right.jpg,169_cam_center.jpg,0.025642816,-13.72581927,0.170679782,0.170679782,0,0,27.84616385,114.2236065
170_cam_left.jpg,170_cam_right.jpg,170_cam_center.jpg,0.02279476,-12.10746655,0.394372852,0.394372852,0,0,28.10533213,304.5031713
171_cam_left.jpg,171_cam_right.jpg,171_cam_center.jpg,0.017374976,-8.983694156,0.671348029,0.671348029,0,0,29.23595827,319.9627648
172_cam_left.jpg,172_cam_right.jpg,172_cam_center.jpg,0.016895129,-8.385542356,0.575487879,0.575487879,0,0,29.52954288,198.4572247
173_cam_left.jpg,173_cam_right.jpg,173_cam_center.jpg,0.021945718,-10.4573831,0.726315466,0.726315466,0,0,30.10521944,54.54826732
174_cam_left.jpg,174_cam_right.jpg,174_cam_center.jpg,0.023030046,-12.13633545,0.158527336,0.158527336,0,0,30.37231596,296.4442858
175_cam_left.jpg,175_cam_right.jpg,175_cam_center.jpg,0.016774306,-9.585462719,0,0,0,0,29.3260611,157.7969459
176_cam_left.jpg,176_cam_right.jpg,176_cam_center.jpg,0.009715852,-6.128591785,0,0,0,0,28.66361012,31.12095199
177_cam_left.jpg,177_cam_right.jpg,177_cam_center.jpg,0.005692278,-2.858954452,0,0,0,0,27.28233433,188.7555246
178_cam_left.jpg,178_cam_right.jpg,178_cam_center.jpg,0.007727702,-3.61897457,0,0,0,0,26.58056442,294.032746
179_cam_left.jpg,179_cam_right.jpg,179_cam_center.jpg,0.007584077,-4.050987222,0,0,0,0,26.07415358,81.70469639
180_cam_left.jpg,180_cam_right.jpg,180_cam_center.jpg,0.005363297,-3.169397801,0,0,0,0,25.49269512,212.1356376
181_cam_left.jpg,181_cam_right.jpg,181_cam_center.jpg,0.002280755,-1.709847622,0,0,0,0,24.75440975,320.9807193
182_cam_left.jpg,182_cam_right.jpg,182_cam_center.jpg,-0.000315309,-0.003383987,0,0,0,0,23.74572086,309.7028529
183_cam_left.jpg,183_cam_right.jpg,183_cam_center.jpg,0.001956763,-0.575462674,0,0,0,0,22.1228516,249.5676148
184_cam_left.jpg,184_cam_right.jpg,184_cam_center.jpg,0.004049392,-2.006605341,0,0,0,0,20.84913448,129.841878
185_cam_left.jpg,185_cam_right.jpg,185_cam_center.jpg,0.002624924,-1.661383611,0,0,0,0,20.61876397,322.2725476
186_cam_left.jpg,186_cam_right.jpg,186_cam_center.jpg,-0.004193839,1.407271143,0,0,0,0,19.2636688,124.2586172
187_cam_left.jpg,187_cam_right.jpg,187_cam_center.jpg,-0.014662529,5.58953901,0,0,0,0,18.7113115,30.72440941
188_cam_left.jpg,188_cam_right.jpg,188_cam_center.jpg,-0.035282879,15.51369426,0,0,0,0,17.73148049,116.4668622
189_cam_left.jpg,189_cam_right.jpg,189_cam_center.jpg,-0.056296142,26.6988516,0,0,0,0,16.68072902,161.283706
190_cam_left.jpg,190_cam_right.jpg,190_cam_center.jpg,-0.068744798,32.95065197,0,0,0,0,15.47334921,341.1712831
191_cam_left.jpg,191_cam_right.jpg,191_cam_center.jpg,-0.084491661,40.05153715,0,0,0,0,14.58848617,292.7363509
192_cam_left.jpg,192_cam_right.jpg,192_cam_center.jpg,-0.109872124,52.16004101,0,0,0,0,13.57878422,355.5494284
193_cam_left.jpg,193_cam_right.jpg,193_cam_center.jpg,-0.125574185,62.76567514,0,0,0,0,13.23023789,225.7562318
194_cam_left.jpg,194_cam_right.jpg,194_cam_center.jpg,-0.139581334,69.0200777,0,0,0,0,12.94672408,295.5508788
195_cam_left.jpg,195_cam_right.jpg,195_cam_center.jpg,-0.142455991,73.01763869,0,0,0,0,12.6922639,355.853225
196_cam_left.jpg,196_cam_right.jpg,196_cam_center.jpg,-0.149582525,75.21879579,0,0,0,0,12.32851727,47.87837115
197_cam_left.jpg,197_cam_right.jpg,197_cam_center.jpg,-0.146540394,76.59348185,0.005091706,0.005091706,0,0,12.21556569,90.54801575
198_cam_left.jpg,198_cam_right.jpg,198_cam_center.jpg,-0.152981411,77.9139852,0.009521057,0.009521057,0,0,12.00538934,257.6454518
199_cam_left.jpg,199_cam_right.jpg,199_cam_center.jpg,-0.155179671,78.78401467,0.06276681,0.06276681,0,0,11.66919989,313.1837445
200_cam_left.jpg,200_cam_right.jpg,200_cam_center.jpg,-0.156706963,78.48745518,0.014915681,0.014915681,0,0,11.35479484,100.5056885
201_cam_left.jpg,201_cam_right.jpg,201_cam_center.jpg,-0.155056901,78.42745319,0.00220838,0.00220838,0,0,11.11384212,231.7417433
202_cam_left.jpg,202_cam_right.jpg,202_cam_center.jpg,-0.163807609,81.26052685,0.038882633,0.038882633,0,0,10.90866812,235.7182122
203_cam_left.jpg,203_cam_right.jpg,203_cam_center.jpg,-0.179344805,89.81940814,0.051356248,0.051356248,0,0,10.78857964,231.1797746
204_cam_left.jpg,204_cam_right.jpg,204_cam_center.jpg,-0.189835447,91.98790965,0.00503136,0.00503136,0,0,10.56645617,228.3948769
205_cam_left.jpg,205_cam_right.jpg,205_cam_center.jpg,-0.198294059,102.8242402,0.007706364,0.007706364,0,0,10.50801437,325.6118206
206_cam_left.jpg,206_cam_right.jpg,206_cam_center.jpg,-0.207086087,105.8826272,0,0,0,0,10.17295127,56.64707856
207_cam_left.jpg,207_cam_right.jpg,207_cam_center.jpg,-0.207377264,105.1797186,0,0,0,0,10.0662513,27.95894045
208_cam_left.jpg,208_cam_right.jpg,208_cam_center.jpg,-0.201737629,104.4781076,0.001742897,0.001742897,0,0,9.947220097,354.2403105
209_cam_left.jpg,209_cam_right.jpg,209_cam_center.jpg,-0.179485843,94.77948332,0.295389252,0.295389252,0,0,10.29139255,70.13043675
210_cam_left.jpg,210_cam_right.jpg,210_cam_center.jpg,-0.148914821,80.23393452,0.38754959,0.38754959,0,0,10.72556444,157.9281647
211_cam_left.jpg,211_cam_right.jpg,211_cam_center.jpg,-0.12111047,66.6396953,0.385019169,0.385019169,0,0,11.16166426,150.3694144
212_cam_left.jpg,212_cam_right.jpg,212_cam_center.jpg,-0.091555333,51.64220627,0.368323699,0.368323699,0,0,11.66756149,159.1784944
213_cam_left.jpg,213_cam_right.jpg,213_cam_center.jpg,-0.057721133,33.44291144,0.708888825,0.708888825,0,0,12.3954966,316.1244633
214_cam_left.jpg,214_cam_right.jpg,214_cam_center.jpg,-0.03770154,22.31561652,0.686950877,0.686950877,0,0,12.93477319,5.996155886
215_cam_left.jpg,215_cam_right.jpg,215_cam_center.jpg,-0.024587544,14.5150547,0.888516002,0.888516002,0,0,13.58626966,73.59207331
216_cam_left.jpg,216_cam_right.jpg,216_cam_center.jpg,-0.011584075,7.351147003,0.898914595,0.898914595,0,0,14.28661674,312.3241897
217_cam_left.jpg,217_cam_right.jpg,217_cam_center.jpg,-0.002322862,2.637960784,0.968965606,0.968965606,0,0,14.80239344,63.25340929
218_cam_left.jpg,218_cam_right.jpg,218_cam_center.jpg,0.008205347,-2.819895356,0.973537882,0.973537882,0,0,15.5178483,359.8494302
219_cam_left.jpg,219_cam_right.jpg,219_cam_center.jpg,0.015702561,-6.848888487,0.991375057,0.991375057,0,0,16.22613873,152.9941254
220_cam_left.jpg,220_cam_right.jpg,220_cam_center.jpg,0.028041053,-13.41596533,0.938012303,0.938012303,0,0,17.30959577,155.19595
221_cam_left.jpg,221_cam_right.jpg,221_cam_center.jpg,0.032694389,-15.56978443,0.918003486,0.918003486,0,0,17.79162898,4.563466869
222_cam_left.jpg,222_cam_right.jpg,222_cam_center.jpg,0.038678715,-19.15156004,0.83313435,0.83313435,0,0,18.62668971,71.30063581
223_cam_left.jpg,223_cam_right.jpg,223_cam_center.jpg,0.042011421,-21.39267892,0.704607925,0.704607925,0,0,19.10549209,168.4372258
224_cam_left.jpg,224_cam_right.jpg,224_cam_center.jpg,0.045425041,-22.54472071,0.569561327,0.569561327,0,0,19.700796,292.2107373
225_cam_left.jpg,225_cam_right.jpg,225_cam_center.jpg,0.047061476,-24.0108415,0.515054434,0.515054434,0,0,20.14414035,78.62545939
226_cam_left.jpg,226_cam_right.jpg,226_cam_center.jpg,0.047107845,-24.1642922,0.248172235,0.248172235,0,0,20.21726789,19.04795252
227_cam_left.jpg,227_cam_right.jpg,227_cam_center.jpg,0.048034119,-24.33513688,0.086539322,0.086539322,0,0,19.99878911,175.0596136
228_cam_left.jpg,228_cam_right.jpg,228_cam_center.jpg,0.058251248,-28.96802494,0,0,0,0,19.59650751,174.2941909
229_cam_left.jpg,229_cam_right.jpg,229_cam_center.jpg,0.060947618,-30.70714849,0,0,0,0,19.24824411,89.41099991
230_cam_left.jpg,230_cam_right.jpg,230_cam_center.jpg,0.059636919,-30.57198045,0,0,0,0,18.88370914,353.3467854
231_cam_left.jpg,231_cam_right.jpg,231_cam_center.jpg,0.054760201,-28.0318639,0.105421353,0.105421353,0,0,18.45726517,136.0748822
232_cam_left.jpg,232_cam_right.jpg,232_cam_center.jpg,0.053837843,-27.51630326,0.148245176,0.148245176,0,0,18.39940558,221.0796676
233_cam_left.jpg,233_cam_right.jpg,233_cam_center.jpg,0.054698306,-27.49475155,0.166455849,0.166455849,0,0,18.3041698,100.1447339
234_cam_left.jpg,234_cam_right.jpg,234_cam_center.jpg,0.058820214,-28.64738224,0.074251648,0.074251648,0,0,18.07737788,336.9048475
235_cam_left.jpg,235_cam_right.jpg,235_cam_center.jpg,0.062639853,-32.02878141,0,0,0,0,17.60281531,31.43164133
236_cam_left.jpg,236_cam_right.jpg,236_cam_center.jpg,0.059686074,-31.16703704,0,0,0,0,17.19591405,72.56628912
237_cam_left.jpg,237_cam_right.jpg,237_cam_center.jpg,0.05582939,-29.39802103,0.095949959,0.095949959,0,0,17.1496063,272.7053718
238_cam_left.jpg,238_cam_right.jpg,238_cam_center.jpg,0.051914482,-27.13588275,0.183313823,0.183313823,0,0,17.07263391,114.7171889
239_cam_left.jpg,239_cam_right.jpg,239_cam_center.jpg,0.047468721,-24.53837347,0.405317775,0.405317775,0,0,17.19144482,323.293612
240_cam_left.jpg,240_cam_right.jpg,240_cam_center.jpg,0.044839054,-23.19630456,0.398626171,0.398626171,0,0,17.40619331,357.2529011
241_cam_left.jpg,241_cam_right.jpg,241_cam_center.jpg,0.042165156,-21.71184545,0.587079362,0.587079362,0,0,17.76775583,208.7853068
242_cam_left.jpg,242_cam_right.jpg,242_cam_center.jpg,0.038406279,-20.19316434,0.685619098,0.685619098,0,0,18.22222149,270.2881071
243_cam_left.jpg,243_cam_right.jpg,243_cam_center.jpg,0.027644939,-15.01655005,0.779368307,0.779368307,0,0,18.83669392,246.0906181
244_cam_left.jpg,244_cam_right.jpg,244_cam_center.jpg,0.021557264,-11.71627983,0.77358502,0.77358502,0,0,19.28682818,0.532177827
245_cam_left.jpg,245_cam_right.jpg,245_cam_center.jpg,0.017231567,-9.512603776,0.884730843,0.884730843,0,0,19.69651056,278.7671366
246_cam_left.jpg,246_cam_right.jpg,246_cam_center.jpg,0.013223659,-7.204469341,0.94468474,0.94468474,0,0,20.08553647,68.21786626
247_cam_left.jpg,247_cam_right.jpg,247_cam_center.jpg,0.010203676,-5.409800809,0.91869232,0.91869232,0,0,20.75066534,106.5558746
248_cam_left.jpg,248_cam_right.jpg,248_cam_center.jpg,0.009005901,-4.700081002,0.861271882,0.861271882,0,0,21.26935879,306.2117365
249_cam_left.jpg,249_cam_right.jpg,249_cam_center.jpg,0.008789178,-4.483154811,0.902616528,0.902616528,0,0,21.56615725,289.6331581
250_cam_left.jpg,250_cam_right.jpg,250_cam_center.jpg,0.008014025,-4.232907506,0.938359532,0.938359532,0,0,22.18949135,46.73768572
251_cam_left.jpg,251_cam_right.jpg,251_cam_center.jpg,0.0053468,-3.075670401,0.951613017,0.951613017,0,0,22.64596487,305.6520085
252_cam_left.jpg,252_cam_right.jpg,252_cam_center.jpg,0.003200628,-1.910398468,0.990632946,0.990632946,0,0,23.06479374,224.9379035
253_cam_left.jpg,253_cam_right.jpg,253_cam_center.jpg,0.000495254,-0.563774171,0.996589279,0.996589279,0,0,23.71714748,64.73999662
254_cam_left.jpg,254_cam_right.jpg,254_cam_center.jpg,-0.004545755,1.337362202,0.999283658,0.999283658,0,0,24.02957079,128.5355669
255_cam_left.jpg,255_cam_right.jpg,255_cam_center.jpg,-0.008872558,3.93587481,0.999544959,0.999544959,0,0,24.49839489,203.0209902
256_cam_left.jpg,256_cam_right.jpg,256_cam_center.jpg,-0.010119724,5.165831518,0.97871537,0.97871537,0,0,24.90151772,201.3060931
257_cam_left.jpg,257_cam_right.jpg,257_cam_center.jpg,-0.008025825,4.377807923,0.959105547,0.959105547,0,0,25.60087503,221.7436551
258_cam_left.jpg,258_cam_right.jpg,258_cam_center.jpg,-0.006304297,3.454456976,0.92650246,0.92650246,0,0,25.85324615,342.4522429
259_cam_left.jpg,259_cam_right.jpg,259_cam_center.jpg,-0.006200857,3.048127415,0.951412624,0.951412624,0,0,26.13162323,113.9229
260_cam_left.jpg,260_cam_right.jpg,260_cam_center.jpg,-0.006544565,3.310570916,0.854331597,0.854331597,0,0,26.44705519,256.8705209
261_cam_left.jpg,261_cam_right.jpg,261_cam_center.jpg,-0.00591475,3.154891866,0.570708479,0.570708479,0,0,26.84467306,51.94154741
262_cam_left.jpg,262_cam_right.jpg,262_cam_center.jpg,-0.003839358,2.226211407,0,0,0,0,25.96380466,141.9867788
263_cam_left.jpg,263_cam_right.jpg,263_cam_center.jpg,-0.001954116,1.314484464,0,0,0,0,25.36308203,263.7218037
264_cam_left.jpg,264_cam_right.jpg,264_cam_center.jpg,0.002127973,-0.529402331,0,0,0,0,22.30504435,353.7143943
265_cam_left.jpg,265_cam_right.jpg,265_cam_center.jpg,0.00537786,-2.176481724,0,0,0,0,22.20829102,34.44056026
266_cam_left.jpg,266_cam_right.jpg,266_cam_center.jpg,0.013746098,-5.80036508,0,0,0,0,21.5317812,281.1950096
267_cam_left.jpg,267_cam_right.jpg,267_cam_center.jpg,0.028037705,-12.22209014,0,0,0,0,20.05096561,136.0042325
268_cam_left.jpg,268_cam_right.jpg,268_cam_center.jpg,0.04035245,-19.20567573,0,0,0,0,19.50395024,305.02052
269_cam_left.jpg,269_cam_right.jpg,269_cam_center.jpg,0.049984744,-23.98023256,0,0,0,0,18.81633296,217.2353928
270_cam_left.jpg,270_cam_right.jpg,270_cam_center.jpg,0.060384362,-28.80844109,0,0,0,0,18.30196461,108.9684949
271_cam_left.jpg,271_cam_right.jpg,271_cam_center.jpg,0.07152962,-35.68638066,0,0,0,0,17.22472032,8.531623961
272_cam_left.jpg,272_cam_right.jpg,272_cam_center.jpg,0.080017559,-39.50680016,0,0,0,0,16.42504209,30.59438443
273_cam_left.jpg,273_cam_right.jpg,273_cam_center.jpg,0.087177737,-43.72599159,0,0,0,0,15.71354127,202.0012412
274_cam_left.jpg,274_cam_right.jpg,274_cam_center.jpg,0.096107865,-47.95891712,0,0,0,0,14.80702632,351.5327212
275_cam_left.jpg,275_cam_right.jpg,275_cam_center.jpg,0.10764654,-52.88680197,0,0,0,0,13.82609035,16.76879468
276_cam_left.jpg,276_cam_right.jpg,276_cam_center.jpg,0.114174143,-57.66974652,0,0,0,0,13.135156,103.5839703
277_cam_left.jpg,277_cam_right.jpg,277_cam_center.jpg,0.133394595,-66.31191331,0,0,0,0,12.61328113,310.5466992
278_cam_left.jpg,278_cam_right.jpg,278_cam_center.jpg,0.149244747,-75.93299495,0,0,0,0,11.80462761,41.32690071
279_cam_left.jpg,279_cam_right.jpg,279_cam_center.jpg,0.143155744,-74.53379151,0,0,0,0,11.59263631,68.5009034
280_cam_left.jpg,280_cam_right.jpg,280_cam_center.jpg,0.135321845,-70.68096387,0.063180223,0.063180223,0,0,11.51282836,87.13046669
281_cam_left.jpg,281_cam_right.jpg,281_cam_center.jpg,0.127179561,-65.75453056,0.176117869,0.176117869,0,0,11.61066462,106.7215
282_cam_left.jpg,282_cam_right.jpg,282_cam_center.jpg,0.118056151,-61.21643011,0.341137369,0.341137369,0,0,12.15015269,28.38895047
283_cam_left.jpg,283_cam_right.jpg,283_cam_center.jpg,0.110416998,-57.80814358,0.207060267,0.207060267,0,0,12.59816957,206.3800794
284_cam_left.jpg,284_cam_right.jpg,284_cam_center.jpg,0.092269842,-49.82772667,0.261629917,0.261629917,0,0,12.98654151,42.49135211
285_cam_left.jpg,285_cam_right.jpg,285_cam_center.jpg,0.08455552,-44.25812793,0.593263098,0.593263098,0,0,13.7829247,257.2043037
286_cam_left.jpg,286_cam_right.jpg,286_cam_center.jpg,0.079322653,-41.35827165,0.392050743,0.392050743,0,0,14.13059612,351.3991793
287_cam_left.jpg,287_cam_right.jpg,287_cam_center.jpg,0.066753538,-35.76883226,0.401207143,0.401207143,0,0,14.55355087,254.2770453
288_cam_left.jpg,288_cam_right.jpg,288_cam_center.jpg,0.045452059,-26.48965219,0.595560215,0.595560215,0,0,15.26015036,180.180715
289_cam_left.jpg,289_cam_right.jpg,289_cam_center.jpg,0.009245079,-8.427589913,0.712661613,0.712661613,0,0,15.90966949,304.4369157
290_cam_left.jpg,290_cam_right.jpg,290_cam_center.jpg,-0.015783189,3.953790943,0.95777365,0.95777365,0,0,16.37792207,110.2869425
291_cam_left.jpg,291_cam_right.jpg,291_cam_center.jpg,-0.041424206,16.50341802,0.616166091,0.616166091,0,0,16.85778219,290.7959822
292_cam_left.jpg,292_cam_right.jpg,292_cam_center.jpg,-0.072775277,33.82039707,0,0,0,0,16.07967058,302.0518283
293_cam_left.jpg,293_cam_right.jpg,293_cam_center.jpg,-0.085396405,41.70631825,0,0,0,0,15.09558372,274.6882711
294_cam_left.jpg,294_cam_right.jpg,294_cam_center.jpg,-0.091236014,45.11833789,0,0,0,0,14.37055215,209.5101626
295_cam_left.jpg,295_cam_right.jpg,295_cam_center.jpg,-0.098033613,49.27896578,0,0,0,0,13.82160759,316.3673134
296_cam_left.jpg,296_cam_right.jpg,296_cam_center.jpg,-0.102555054,52.49295294,0,0,0,0,13.26826083,338.026486
297_cam_left.jpg,297_cam_right.jpg,297_cam_center.jpg,-0.102455509,51.790402,0.082120886,0.082120886,0,0,13.17847178,47.51774089
298_cam_left.jpg,298_cam_right.jpg,298_cam_center.jpg,-0.102500592,52.99065618,0.007729869,0.007729869,0,0,12.62124178,255.1664919
299_cam_left.jpg,299_cam_right.jpg,299_cam_center.jpg,-0.10456025,53.10343878,0.105457249,0.105457249,0,0,12.58759051,308.7097517
300_cam_left.jpg,300_cam_right.jpg,300_cam_center.jpg,-0.105746982,53.07000357,0.242272948,0.242272948,0,0,12.82828045,146.8588545
301_cam_left.jpg,301_cam_right.jpg,301_cam_center.jpg,-0.105491602,54.54708666,0.08252963,0.08252963,0,0,12.72157182,209.8952974
302_cam_left.jpg,302_cam_right.jpg,302_cam_center.jpg,-0.109746733,55.3600825,0.13641529,0.13641529,0,0,12.81295112,266.8513005
303_cam_left.jpg,303_cam_right.jpg,303_cam_center.jpg,-0.123992576,61.09914591,0.097661795,0.097661795,0,0,12.79906883,251.5346015
304_cam_left.jpg,304_cam_right.jpg,304_cam_center.jpg,-0.133686991,64.8316559,0.015029082,0.015029082,0,0,12.68162787,310.9802613
305_cam_left.jpg,305_cam_right.jpg,305_cam_center.jpg,-0.146578602,73.37557482,0,0,0,0,12.43155825,358.0533822
306_cam_left.jpg,306_cam_right.jpg,306_cam_center.jpg,-0.141695658,71.75967332,0.01738219,0.01738219,0,0,11.88672887,79.69667139
307_cam_left.jpg,307_cam_right.jpg,307_cam_center.jpg,-0.136665674,71.78164873,0.08012002,0.08012002,0,0,11.73887567,238.1386372
308_cam_left.jpg,308_cam_right.jpg,308_cam_center.jpg,-0.130827858,66.612602,0.044713453,0.044713453,0,0,11.73329581,35.53307656
309_cam_left.jpg,309_cam_right.jpg,309_cam_center.jpg,-0.116065419,62.29687536,0.169974052,0.169974052,0,0,11.88035059,192.0806419
310_cam_left.jpg,310_cam_right.jpg,310_cam_center.jpg,-0.095240274,51.29353982,0.335413429,0.335413429,0,0,12.3264921,352.6143217
311_cam_left.jpg,311_cam_right.jpg,311_cam_center.jpg,-0.068005018,39.76159363,0.564311778,0.564311778,0,0,12.89806827,177.9137845
312_cam_left.jpg,312_cam_right.jpg,312_cam_center.jpg,-0.029803054,19.65974357,0.727899948,0.727899948,0,0,13.53127553,31.64642863
313_cam_left.jpg,313_cam_right.jpg,313_cam_center.jpg,0.009245972,-0.368928208,0.916125494,0.916125494,0,0,14.26774469,273.9469521
314_cam_left.jpg,314_cam_right.jpg,314_cam_center.jpg,0.037919321,-15.36532007,0.992671713,0.992671713,0,0,14.89197038,187.3179285
315_cam_left.jpg,315_cam_right.jpg,315_cam_center.jpg,0.05902433,-26.76756581,0.843353921,0.843353921,0,0,15.6841616,130.8512247
316_cam_left.jpg,316_cam_right.jpg,316_cam_center.jpg,0.07288759,-35.54621108,0.557503303,0.557503303,0,0,16.17135012,289.017614
317_cam_left.jpg,317_cam_right.jpg,317_cam_center.jpg,0.086439322,-42.90587284,0.235721058,0.235721058,0,0,16.42340967,280.9637384
318_cam_left.jpg,318_cam_right.jpg,318_cam_center.jpg,0.090886826,-45.7998559,0.069803176,0.069803176,0,0,16.42354185,98.49101073
319_cam_left.jpg,319_cam_right.jpg,319_cam_center.jpg,0.085813181,-44.58292122,0.028497594,0.028497594,0,0,16.26427245,262.1227033
320_cam_left.jpg,320_cam_right.jpg,320_cam_center.jpg,0.077714096,-40.1614002,0.045682525,0.045682525,0,0,16.05450554,243.7769645
321_cam_left.jpg,321_cam_right.jpg,321_cam_center.jpg,0.072668492,-36.64513018,0.069824822,0.069824822,0,0,16.01281903,220.7372596
322_cam_left.jpg,322_cam_right.jpg,322_cam_center.jpg,0.073280735,-36.24914118,0.129339318,0.129339318,0,0,15.95304191,2.054183756
323_cam_left.jpg,323_cam_right.jpg,323_cam_center.jpg,0.075076717,-38.55196482,0.140552454,0.140552454,0,0,15.88314488,165.1982571
324_cam_left.jpg,324_cam_right.jpg,324_cam_center.jpg,0.085328336,-42.49337115,0,0,0,0,15.71348682,324.111064
325_cam_left.jpg,325_cam_right.jpg,325_cam_center.jpg,0.091549353,-44.24578483,0,0,0,0,15.48358775,112.1238838
326_cam_left.jpg,326_cam_right.jpg,326_cam_center.jpg,0.098150631,-49.59183336,0,0,0,0,15.19294413,255.4496621
327_cam_left.jpg,327_cam_right.jpg,327_cam_center.jpg,0.11239116,-55.82763772,0,0,0,0,14.81359941,191.2982907
328_cam_left.jpg,328_cam_right.jpg,328_cam_center.jpg,0.120260773,-59.74731639,0,0,0,0,14.39740248,108.5760314
329_cam_left.jpg,329_cam_right.jpg,329_cam_center.jpg,0.122898252,-62.01888707,0,0,0,0,14.04699211,10.31534778
330_cam_left.jpg,330_cam_right.jpg,330_cam_center.jpg,0.11897518,-62.01558941,0,0,0,0,13.72361366,257.5690625
331_cam_left.jpg,331_cam_right.jpg,331_cam_center.jpg,0.111228915,-57.89664625,0.013426489,0.013426489,0,0,13.63347496,344.6405387
332_cam_left.jpg,332_cam_right.jpg,332_cam_center.jpg,0.098714434,-51.88117163,0.094529733,0.094529733,0,0,13.53474461,219.382512
333_cam_left.jpg,333_cam_right.jpg,333_cam_center.jpg,0.089563231,-47.37112204,0.062133348,0.062133348,0,0,13.47581878,296.1547848
334_cam_left.jpg,334_cam_right.jpg,334_cam_center.jpg,0.074729101,-40.15978937,0.080420887,0.080420887,0,0,13.4055891,162.191979
335_cam_left.jpg,335_cam_right.jpg,335_cam_center.jpg,0.061773964,-33.80496749,0,0,0,0,12.9147902,236.2274073
336_cam_left.jpg,336_cam_right.jpg,336_cam_center.jpg,0.050284355,-27.57617747,0,0,0,0,12.2343298,297.285304
337_cam_left.jpg,337_cam_right.jpg,337_cam_center.jpg,0.034094536,-18.76749177,0,0,0,0,10.82752484,229.4302286
338_cam_left.jpg,338_cam_right.jpg,338_cam_center.jpg,0.02857115,-15.32747566,0,0,0,0,10.13671795,223.5441637
339_cam_left.jpg,339_cam_right.jpg,339_cam_center.jpg,0.025180734,-13.32839592,0,0,0,1,9.147399144,191.9127194
340_cam_left.jpg,340_cam_right.jpg,340_cam_center.jpg,0.021151933,-11.7715932,0,0.5,0,1,8.608282743,123.8623444
341_cam_left.jpg,341_cam_right.jpg,341_cam_center.jpg,0.015967372,-8.459476385,0,0,0,1,6.650734963,6.125478016
342_cam_left.jpg,342_cam_right.jpg,342_cam_center.jpg,0.017568672,-8.931494258,0,0,0,0,6.331361074,134.5176155
343_cam_left.jpg,343_cam_right.jpg,343_cam_center.jpg,0.014510692,-7.61902522,0,0,0,0,4.830896101,113.9900633
344_cam_left.jpg,344_cam_right.jpg,344_cam_center.jpg,0.022783414,-12.08032579,0,0,0,0,1.119059869,346.4800215
345_cam_left.jpg,345_cam_right.jpg,345_cam_center.jpg,0.019444329,-9.879666032,0,0,0,1,0.042718599,123.3515678
346_cam_left.jpg,346_cam_right.jpg,346_cam_center.jpg,-0.012663842,0,0.5,0.5,0,1,0.055624485,244.9637199
347_cam_left.jpg,347_cam_right.jpg,347_cam_center.jpg,-0.012668417,6.645059362,0.999992014,0.999992014,0,0.470875857,1.330083429,272.3992566
348_cam_left.jpg,348_cam_right.jpg,348_cam_center.jpg,-0.011955573,5.978778855,0.996260017,0.996260017,0,0.463742481,1.73962043,168.2044368
349_cam_left.jpg,349_cam_right.jpg,349_cam_center.jpg,-0.011323725,5.880378168,0.99196044,0.99196044,0,0.461727502,3.454513857,162.7563859
350_cam_left.jpg,350_cam_right.jpg,350_cam_center.jpg,-0.01014134,5.421290277,0.997010427,0.997010427,0,0.452344148,4.40831043,172.4927989
351_cam_left.jpg,351_cam_right.jpg,351_cam_center.jpg,-0.008239284,4.565328867,0.780362397,0.780362397,0,0.175680608,5.669632673,204.4613997
352_cam_left.jpg,352_cam_right.jpg,352_cam_center.jpg,-0.006496039,3.484940991,0.983383771,0.983383771,0,0,6.474805312,180.1678231
353_cam_left.jpg,353_cam_right.jpg,353_cam_center.jpg,-0.005411137,2.891349335,0.983409044,0.983409044,0,0,7.220056214,204.2273162
354_cam_left.jpg,354_cam_right.jpg,354_cam_center.jpg,-0.003094997,1.777554908,0.983656041,0.983656041,0,0,9.109406734,210.4135778
355_cam_left.jpg,355_cam_right.jpg,355_cam_center.jpg,-0.002046904,1.139358322,0.978846825,0.978846825,0,0,10.04068122,35.86132556
356_cam_left.jpg,356_cam_right.jpg,356_cam_center.jpg,-0.000775694,0.491808022,0.974447016,0.974447016,0,0,11.10544024,116.3660978
357_cam_left.jpg,357_cam_right.jpg,357_cam_center.jpg,-0.000461863,0.366340833,0.997450444,0.997450444,0,0,11.95168207,283.7884027
358_cam_left.jpg,358_cam_right.jpg,358_cam_center.jpg,0.001858099,-0.537223791,0.999834708,0.999834708,0,0,12.71949031,271.4423546
359_cam_left.jpg,359_cam_right.jpg,359_cam_center.jpg,0.005024265,-1.984282545,0.983916882,0.983916882,0,0,13.38973042,301.9721397
360_cam_left.jpg,360_cam_right.jpg,360_cam_center.jpg,0.010477018,-4.482839225,0.99718938,0.99718938,0,0,14.06979587,18.06711614
361_cam_left.jpg,361_cam_right.jpg,361_cam_center.jpg,-0.011177025,2.883413947,0.995284658,0.995284658,0,0,15.70698707,233.0125205
362_cam_left.jpg,362_cam_right.jpg,362_cam_center.jpg,-0.043838071,18.19563818,0.904444105,0.904444105,0,0,16.45708014,37.70852648
363_cam_left.jpg,363_cam_right.jpg,363_cam_center.jpg,-0.070594349,32.3409545,0.409932899,0.409932899,0,0,17.06077271,258.8215975
364_cam_left.jpg,364_cam_right.jpg,364_cam_center.jpg,-0.091076497,45.10838213,0,0,0,0,16.49126484,127.6381775
365_cam_left.jpg,365_cam_right.jpg,365_cam_center.jpg,-0.089296757,46.97731698,0,0,0,0,16.00906892,306.5399073
366_cam_left.jpg,366_cam_right.jpg,366_cam_center.jpg,-0.079529805,42.47339963,0.021059885,0.021059885,0,0,15.78263955,150.4404374
367_cam_left.jpg,367_cam_right.jpg,367_cam_center.jpg,-0.064400211,34.64709945,0.049125962,0.049125962,0,0,15.5583732,282.5052542
368_cam_left.jpg,368_cam_right.jpg,368_cam_center.jpg,-0.049817059,27.2950195,0.274014126,0.274014126,0,0,15.63030169,36.14490054
369_cam_left.jpg,369_cam_right.jpg,369_cam_center.jpg,-0.035167477,19.75974327,0.44208711,0.44208711,0,0,16.15688404,182.4096335
370_cam_left.jpg,370_cam_right.jpg,370_cam_center.jpg,-0.023555935,13.41526486,0.739645838,0.739645838,0,0,17.05296281,12.10697215
371_cam_left.jpg,371_cam_right.jpg,371_cam_center.jpg,-0.013012051,7.907616504,0.841926293,0,0,1,17.31884611,270.7170371
372_cam_left.jpg,372_cam_right.jpg,372_cam_center.jpg,-0.004697175,3.320206311,0.967422073,0,0,1,17.23459064,140.3754067
373_cam_left.jpg,373_cam_right.jpg,373_cam_center.jpg,0.000106511,0.462194758,0.982882774,0,0,0.199999988,18.0720948,273.3234275
374_cam_left.jpg,374_cam_right.jpg,374_cam_center.jpg,0.004405979,-1.539697768,0.991576328,0.991576328,0,0,18.35193938,68.41697741
375_cam_left.jpg,375_cam_right.jpg,375_cam_center.jpg,0.00873995,-3.94028825,0.997889508,0.997889508,0,0,19.27613583,11.58875353
376_cam_left.jpg,376_cam_right.jpg,376_cam_center.jpg,0.010568528,-5.279610022,0.990013988,0.990013988,0,0,19.96313753,139.467967
377_cam_left.jpg,377_cam_right.jpg,377_cam_center.jpg,0.012065935,-6.021949947,0.954635388,0.954635388,0,0,20.50392474,76.50325583
378_cam_left.jpg,378_cam_right.jpg,378_cam_center.jpg,0.011149583,-5.918687571,0.875644003,0.875644003,0,0,21.0109798,32.80732581
379_cam_left.jpg,379_cam_right.jpg,379_cam_center.jpg,0.007832185,-4.498716043,0.9205903,0.9205903,0,0,21.7565023,244.7301802
380_cam_left.jpg,380_cam_right.jpg,380_cam_center.jpg,0.007620041,-3.912607077,0.979675281,0.979675281,0,0,22.44514429,126.766075
381_cam_left.jpg,381_cam_right.jpg,381_cam_center.jpg,0.009824358,-4.634127623,0.909675367,0.909675367,0,0,23.09450638,38.29072808
382_cam_left.jpg,382_cam_right.jpg,382_cam_center.jpg,0.014816224,-7.117360579,0.637062662,0.637062662,0,0,23.88073631,239.4056446
383_cam_left.jpg,383_cam_right.jpg,383_cam_center.jpg,0.018685016,-9.138745892,0,0,0,0,21.69079694,207.8649807
384_cam_left.jpg,384_cam_right.jpg,384_cam_center.jpg,0.021400235,-10.16831678,0,0,0,0,21.91821985,218.6267944
385_cam_left.jpg,385_cam_right.jpg,385_cam_center.jpg,0.023061593,-11.34548288,0,0,0,0,20.50723961,211.4307256
386_cam_left.jpg,386_cam_right.jpg,386_cam_center.jpg,0.030238036,-13.72777108,0,0,0,0,19.09382003,43.93899869
387_cam_left.jpg,387_cam_right.jpg,387_cam_center.jpg,0.042520851,-20.08213219,0,0,0,0,18.89211196,162.9505763
388_cam_left.jpg,388_cam_right.jpg,388_cam_center.jpg,0.056556374,-26.65423841,0.423809099,0.423809099,0,0,19.45078334,271.2076798
389_cam_left.jpg,389_cam_right.jpg,389_cam_center.jpg,0.068097358,-35.35944454,0.076968886,0.076968886,0,0,19.24082067,87.28216737
390_cam_left.jpg,390_cam_right.jpg,390_cam_center.jpg,0.056519946,-31.38415272,0.175786472,0.175786472,0,0,19.35153025,359.2264337
391_cam_left.jpg,391_cam_right.jpg,391_cam_center.jpg,0.027456651,-17.99495459,0.309823196,0.309823196,0,0,19.67237054,125.910787
392_cam_left.jpg,392_cam_right.jpg,392_cam_center.jpg,-0.005327329,-1.424877647,0.365504827,0.365504827,0,0,20.14120314,272.6132444
393_cam_left.jpg,393_cam_right.jpg,393_cam_center.jpg,-0.035296422,14.87200832,0,0,0,0,19.38119064,67.62466463
394_cam_left.jpg,394_cam_right.jpg,394_cam_center.jpg,-0.04824394,23.55343475,0,0,0,0,18.20608712,185.8110796
395_cam_left.jpg,395_cam_right.jpg,395_cam_center.jpg,-0.052117515,26.23304025,0,0,0,0,17.5749107,260.8883438
396_cam_left.jpg,396_cam_right.jpg,396_cam_center.jpg,-0.055181042,27.88766719,0,0,0,0,17.07236704,301.803827
397_cam_left.jpg,397_cam_right.jpg,397_cam_center.jpg,-0.057906447,29.55338728,0,0,0,0,16.38171844,136.6721088
398_cam_left.jpg,398_cam_right.jpg,398_cam_center.jpg,-0.065692446,33.03548539,0,0,0,0,15.78148078,122.0019905
399_cam_left.jpg,399_cam_right.jpg,399_cam_center.jpg,-0.076504761,38.13238748,0,0,0,0,14.76280512,273.1384168
400_cam_left.jpg,400_cam_right.jpg,400_cam_center.jpg,-0.096906193,46.03053459,0,0,0,0,13.60090158,350.8301091
401_cam_left.jpg,401_cam_right.jpg,401_cam_center.jpg,-0.119565073,55.95984232,0,0,0,0,12.26528838,210.6431777
402_cam_left.jpg,402_cam_right.jpg,402_cam_center.jpg,-0.14974313,73.5201276,0,0,0,0,11.49302885,15.22229591
403_cam_left.jpg,403_cam_right.jpg,403_cam_center.jpg,-0.17296234,82.36052131,0.025852589,0.5,0,1,11.08779714,30.52266874
404_cam_left.jpg,404_cam_right.jpg,404_cam_center.jpg,-0.180966742,94.39493559,0.006857064,0.006857064,0,0.599999994,11.33791082,100.6848472
405_cam_left.jpg,405_cam_right.jpg,405_cam_center.jpg,-0.185627626,95.75719961,0.070374555,0.070374555,0,0,10.83284994,254.8138543
406_cam_left.jpg,406_cam_right.jpg,406_cam_center.jpg,-0.158996288,85.43491086,0.142671922,0.142671922,0,0,10.97608458,28.90959956
407_cam_left.jpg,407_cam_right.jpg,407_cam_center.jpg,-0.149761564,77.91802708,0.191116468,0.191116468,0,0,11.12132346,306.2989284
408_cam_left.jpg,408_cam_right.jpg,408_cam_center.jpg,-0.124019998,67.42954228,0.254917665,0.254917665,0,0,11.42003034,87.41161155
409_cam_left.jpg,409_cam_right.jpg,409_cam_center.jpg,-0.0852121,48.24162967,0.42522462,0.42522462,0,0,12.03083353,268.3660342
410_cam_left.jpg,410_cam_right.jpg,410_cam_center.jpg,-0.005830357,8.274134677,0.785127669,0.785127669,0,0,13.73707864,187.8587489
411_cam_left.jpg,411_cam_right.jpg,411_cam_center.jpg,0.030718818,-9.352855468,0.928928825,0.928928825,0,0,14.50596886,278.7997334
412_cam_left.jpg,412_cam_right.jpg,412_cam_center.jpg,0.067955527,-28.79403274,0.630389948,0.630389948,0,0,15.3689106,350.0412009
413_cam_left.jpg,413_cam_right.jpg,413_cam_center.jpg,0.093932906,-45.09173005,0.081218438,0.081218438,0,0,15.54419446,105.2352267
414_cam_left.jpg,414_cam_right.jpg,414_cam_center.jpg,0.105003391,-53.58573416,0,0,0,0,14.58632031,334.9826944
415_cam_left.jpg,415_cam_right.jpg,415_cam_center.jpg,0.099937087,-52.30057293,0,0,0,0,14.17591473,92.86717994
416_cam_left.jpg,416_cam_right.jpg,416_cam_center.jpg,0.096905018,-50.1209358,0.018397019,0.018397019,0,0,13.89702813,99.3035378
417_cam_left.jpg,417_cam_right.jpg,417_cam_center.jpg,0.088675326,-45.78486044,0.194997326,0.194997326,0,0,13.5714275,79.56499991
418_cam_left.jpg,418_cam_right.jpg,418_cam_center.jpg,0.083898432,-43.83003979,0.245364208,0.245364208,0,0,13.77346444,162.6472106
419_cam_left.jpg,419_cam_right.jpg,419_cam_center.jpg,0.081042718,-41.44959902,0.232633794,0.232633794,0,0,14.07195196,248.2961898
420_cam_left.jpg,420_cam_right.jpg,420_cam_center.jpg,0.074082687,-38.39868181,0.321855744,0.321855744,0,0,14.32895659,259.908672
421_cam_left.jpg,421_cam_right.jpg,421_cam_center.jpg,0.066822171,-34.77296936,0.418593492,0.418593492,0,0,14.77713083,297.5319743
422_cam_left.jpg,422_cam_right.jpg,422_cam_center.jpg,0.063900315,-33.19651136,0.478275353,0.478275353,0,0,15.27002226,82.05646511
423_cam_left.jpg,423_cam_right.jpg,423_cam_center.jpg,0.06298205,-32.51204725,0.327643589,0.327643589,0,0,15.73361426,134.5987013
424_cam_left.jpg,424_cam_right.jpg,424_cam_center.jpg,0.067907957,-33.96690917,0.395989665,0.395989665,0,0,15.89766981,327.0746857
425_cam_left.jpg,425_cam_right.jpg,425_cam_center.jpg,0.067241863,-34.65963445,0.317677999,0.317677999,0,0,16.23970064,178.1707076
426_cam_left.jpg,426_cam_right.jpg,426_cam_center.jpg,0.067961157,-34.87213149,0.503006205,0.503006205,0,0,16.5733897,42.92076966
427_cam_left.jpg,427_cam_right.jpg,427_cam_center.jpg,0.063897538,-33.01494895,0.403316935,0.403316935,0,0,16.80307099,287.7353772
428_cam_left.jpg,428_cam_right.jpg,428_cam_center.jpg,0.058843051,-31.23135604,0.517467918,0,0,0.600000009,17.04939523,189.6056528
429_cam_left.jpg,429_cam_right.jpg,429_cam_center.jpg,0.050246968,-26.93504306,0.474044342,0,0,1,16.79207085,88.75823734
430_cam_left.jpg,430_cam_right.jpg,430_cam_center.jpg,0.036784238,-20.57959224,0.47291035,0,0,1,16.60744349,228.7557749
431_cam_left.jpg,431_cam_right.jpg,431_cam_center.jpg,0.030320227,-16.40312731,0.490356176,0,0,0,17.15643305,341.6471983
432_cam_left.jpg,432_cam_right.jpg,432_cam_center.jpg,0.025330777,-13.29810012,0.76088459,0.76088459,0,0,17.55079365,203.6436166
433_cam_left.jpg,433_cam_right.jpg,433_cam_center.jpg,0.022260563,-11.82042436,0.79512265,0.79512265,0,0,18.16742846,264.1106566
434_cam_left.jpg,434_cam_right.jpg,434_cam_center.jpg,0.022004098,-11.44929288,0.828191979,0.828191979,0,0,18.78273079,346.5527564
435_cam_left.jpg,435_cam_right.jpg,435_cam_center.jpg,0.021507633,-11.20635467,0.807206105,0.807206105,0,0,19.48215672,305.8031085
436_cam_left.jpg,436_cam_right.jpg,436_cam_center.jpg,0.022740899,-11.49764128,0.838626474,0.838626474,0,0,19.95939623,228.2891577
437_cam_left.jpg,437_cam_right.jpg,437_cam_center.jpg,0.021687703,-11.20202578,0.894075527,0.894075527,0,0,20.45016586,165.7924639
438_cam_left.jpg,438_cam_right.jpg,438_cam_center.jpg,0.016110128,-8.784784017,0.852269352,0.852269352,0,0,21.16940546,217.227643
439_cam_left.jpg,439_cam_right.jpg,439_cam_center.jpg,0.011768137,-6.505398652,0.864454273,0.864454273,0,0,21.69018105,72.12460603
440_cam_left.jpg,440_cam_right.jpg,440_cam_center.jpg,0.007672677,-4.427390396,0.34796412,0.34796412,0,0,21.94421762,310.410757
441_cam_left.jpg,441_cam_right.jpg,441_cam_center.jpg,0.004721591,-2.908276533,0,0,0,0,21.3732177,309.9161336
442_cam_left.jpg,442_cam_right.jpg,442_cam_center.jpg,0.005265991,-2.397152095,0,0,0,0,20.56871178,282.4718467
443_cam_left.jpg,443_cam_right.jpg,443_cam_center.jpg,0.011826001,-4.556717101,0,0,0,0,18.68844323,90.19426475
444_cam_left.jpg,444_cam_right.jpg,444_cam_center.jpg,0.028140052,-11.97989959,0,0,0,0,17.35384309,197.793048
445_cam_left.jpg,445_cam_right.jpg,445_cam_center.jpg,0.052694387,-23.81071272,0,0,0,0,17.23781456,80.63033652
446_cam_left.jpg,446_cam_right.jpg,446_cam_center.jpg,0.065466131,-31.58301941,0,0,0,0,16.08126523,278.6787599
447_cam_left.jpg,447_cam_right.jpg,447_cam_center.jpg,0.076044885,-37.5605473,0,0,0,0,15.4948831,256.9246876
448_cam_left.jpg,448_cam_right.jpg,448_cam_center.jpg,0.086202019,-42.98171368,0,0,0,0,14.81255834,207.2851294
449_cam_left.jpg,449_cam_right.jpg,449_cam_center.jpg,0.091766426,-45.99930177,0,0,0,0,14.43394155,127.3956566
450_cam_left.jpg,450_cam_right.jpg,450_cam_center.jpg,0.096627056,-47.92669813,0,0,0,0,13.92600938,232.7184543
451_cam_left.jpg,451_cam_right.jpg,451_cam_center.jpg,0.101861299,-50.7681829,0,0,0,0,13.48669115,110.9122229
452_cam_left.jpg,452_cam_right.jpg,452_cam_center.jpg,0.108621984,-54.63009334,0,0,0,0,13.1340158,329.9639028
453_cam_left.jpg,453_cam_right.jpg,453_cam_center.jpg,0.115530022,-58.47348881,0,0,0,0,12.75852819,34.76235305
454_cam_left.jpg,454_cam_right.jpg,454_cam_center.jpg,0.122328863,-61.95109284,0,0,0,0,12.47446458,228.8653851
455_cam_left.jpg,455_cam_right.jpg,455_cam_center.jpg,0.130916791,-64.62275277,0,0,0,0,12.05855121,48.34456942
456_cam_left.jpg,456_cam_right.jpg,456_cam_center.jpg,0.148136323,-74.76122757,0,0,0,0,11.50963906,234.9790519
457_cam_left.jpg,457_cam_right.jpg,457_cam_center.jpg,0.151825861,-76.19640667,0.00547902,0.5,0,1,11.27845376,6.173172948
458_cam_left.jpg,458_cam_right.jpg,458_cam_center.jpg,0.15382149,-78.21744716,0.041932656,0.5,0,1,11.10805896,47.81086987
459_cam_left.jpg,459_cam_right.jpg,459_cam_center.jpg,0.153529253,-78.06347396,0.089922804,0.089922804,0,0.599999994,11.45908868,317.1917126
460_cam_left.jpg,460_cam_right.jpg,460_cam_center.jpg,0.148406526,-76.32733701,0.196311157,0.196311157,0,0,11.41397779,129.8793668
461_cam_left.jpg,461_cam_right.jpg,461_cam_center.jpg,0.144344291,-75.11197844,0.226022673,0.226022673,0,0,11.3617182,66.31245592
462_cam_left.jpg,462_cam_right.jpg,462_cam_center.jpg,0.129047757,-67.43268174,0.295884786,0.295884786,0,0,11.57970697,223.2119744
463_cam_left.jpg,463_cam_right.jpg,463_cam_center.jpg,0.115584647,-60.12838622,0.33130343,0.33130343,0,0,11.90448967,47.74526234
464_cam_left.jpg,464_cam_right.jpg,464_cam_center.jpg,0.100606559,-53.37116054,0.314218748,0.314218748,0,0,12.35231363,255.9208395
465_cam_left.jpg,465_cam_right.jpg,465_cam_center.jpg,0.088234287,-47.00458539,0.460811656,0.460811656,0,0,12.77319285,139.8860432
466_cam_left.jpg,466_cam_right.jpg,466_cam_center.jpg,0.085511162,-44.38259001,0.204463438,0.204463438,0,0,12.99690059,61.64537815
467_cam_left.jpg,467_cam_right.jpg,467_cam_center.jpg,0.089222207,-46.10701288,0.340077396,0.340077396,0,0,13.23118707,133.7586824
468_cam_left.jpg,468_cam_right.jpg,468_cam_center.jpg,0.088309581,-44.53481336,0.476394175,0.476394175,0,0,13.77008883,98.02627729
469_cam_left.jpg,469_cam_right.jpg,469_cam_center.jpg,0.082105782,-43.5105234,0.384101276,0.384101276,0,0,14.26377208,97.681982
470_cam_left.jpg,470_cam_right.jpg,470_cam_center.jpg,0.061295454,-34.34957047,0.470057073,0.470057073,0,0,14.76746664,133.9326535
471_cam_left.jpg,471_cam_right.jpg,471_cam_center.jpg,0.021496842,-16.7089057,0.618805016,0.618805016,0,0,15.38166495,211.6135206
472_cam_left.jpg,472_cam_right.jpg,472_cam_center.jpg,-0.008434804,-1.239794188,0.895242524,0.895242524,0,0,16.15142189,37.70048438
473_cam_left.jpg,473_cam_right.jpg,473_cam_center.jpg,-0.046076951,17.58585596,0.818441212,0.818441212,0,0,16.68705285,263.1476329
474_cam_left.jpg,474_cam_right.jpg,474_cam_center.jpg,-0.071247662,35.03850926,0.112294175,0.112294175,0,0,16.66395988,120.1193781
475_cam_left.jpg,475_cam_right.jpg,475_cam_center.jpg,-0.055161694,32.80782046,0.19099969,0.19099969,0,0,16.55659853,319.0935575
476_cam_left.jpg,476_cam_right.jpg,476_cam_center.jpg,-0.018145251,15.29522695,0.23448201,0.23448201,0,0,16.70062357,201.9513503
477_cam_left.jpg,477_cam_right.jpg,477_cam_center.jpg,0.03389131,-10.75774419,0,0,0,0,14.96199549,45.03646972
478_cam_left.jpg,478_cam_right.jpg,478_cam_center.jpg,0.06333604,-28.76339728,0,0,0,0,14.15761986,149.4366957
479_cam_left.jpg,479_cam_right.jpg,479_cam_center.jpg,0.089513618,-40.7223393,0,0,0,0,13.36381668,146.4284474
480_cam_left.jpg,480_cam_right.jpg,480_cam_center.jpg,0.115825531,-56.92556428,0,0,0,0,12.46161864,81.05000503
481_cam_left.jpg,481_cam_right.jpg,481_cam_center.jpg,0.137043772,-68.20578353,0,0,0,0,11.85600286,310.1171275
482_cam_left.jpg,482_cam_right.jpg,482_cam_center.jpg,0.143211855,-72.57371579,0,0,0,0,11.3316386,134.4663567
483_cam_left.jpg,483_cam_right.jpg,483_cam_center.jpg,0.142294308,-74.00104395,0.115730042,0.115730042,0,0,11.26875998,282.2757002
484_cam_left.jpg,484_cam_right.jpg,484_cam_center.jpg,0.144043529,-73.32979505,0.202944317,0.202944317,0,0,11.31330408,73.33108427
485_cam_left.jpg,485_cam_right.jpg,485_cam_center.jpg,0.144264209,-73.58937364,0.307188703,0.307188703,0,0,11.72293988,230.6442494
486_cam_left.jpg,486_cam_right.jpg,486_cam_center.jpg,0.13739054,-71.45996143,0.162285486,0.162285486,0,0,11.71542518,188.0819461
487_cam_left.jpg,487_cam_right.jpg,487_cam_center.jpg,0.125996971,-64.12065133,0.220502497,0.220502497,0,0,12.15398086,123.7810973
488_cam_left.jpg,488_cam_right.jpg,488_cam_center.jpg,0.122533796,-63.82085319,0.10790042,0.10790042,0,0,12.03105572,105.7006266
489_cam_left.jpg,489_cam_right.jpg,489_cam_center.jpg,0.128676999,-64.04340751,0.07060999,0.07060999,0,0,12.19703856,87.23858929
490_cam_left.jpg,490_cam_right.jpg,490_cam_center.jpg,0.139697205,-67.75060508,0.049831219,0.049831219,0,0,12.23051989,304.6995122
491_cam_left.jpg,491_cam_right.jpg,491_cam_center.jpg,0.140471616,-73.76798091,0.04915724,0.04915724,0,0,11.94455729,148.8489763
492_cam_left.jpg,492_cam_right.jpg,492_cam_center.jpg,0.144508174,-73.94551088,0.024960142,0.024960142,0,0,11.66285465,342.2120079
493_cam_left.jpg,493_cam_right.jpg,493_cam_center.jpg,0.139066747,-70.17511285,0.068641273,0.068641273,0,0,11.59477509,159.6269755
494_cam_left.jpg,494_cam_right.jpg,494_cam_center.jpg,0.135157243,-68.50498327,0.224127575,0.224127575,0,0,11.850671,71.10393165
495_cam_left.jpg,495_cam_right.jpg,495_cam_center.jpg,0.132368265,-68.70286141,0.160938981,0.160938981,0,0,12.08241523,42.03891573
496_cam_left.jpg,496_cam_right.jpg,496_cam_center.jpg,0.119557915,-62.37740498,0.063751579,0.063751579,0,0,12.3107464,258.9350162
497_cam_left.jpg,497_cam_right.jpg,497_cam_center.jpg,0.100695017,-52.9483475,0.438893707,0.438893707,0,0,12.72189219,125.5506899
498_cam_left.jpg,498_cam_right.jpg,498_cam_center.jpg,0.085216871,-45.68144486,0.539401113,0.539401113,0,0,13.37765679,42.01968013
499_cam_left.jpg,499_cam_right.jpg,499_cam_center.jpg,0.07559374,-40.1416275,0.61582964,0.61582964,0,0,14.19830463,15.06950029
500_cam_left.jpg,500_cam_right.jpg,500_cam_center.jpg,0.073239166,-37.71087077,0.4750586,0.4750586,0,0,14.70851563,128.8683157
501_cam_left.jpg,501_cam_right.jpg,501_cam_center.jpg,0.073257825,-37.07525132,0.521520316,0.521520316,0,0,15.26609528,191.8938628
502_cam_left.jpg,502_cam_right.jpg,502_cam_center.jpg,0.074388178,-38.10736961,0.505274865,0.505274865,0,0,15.88769594,308.9922236
503_cam_left.jpg,503_cam_right.jpg,503_cam_center.jpg,0.071336695,-37.24305394,0.315920618,0.315920618,0,0,16.25243706,112.7153582
504_cam_left.jpg,504_cam_right.jpg,504_cam_center.jpg,0.062263832,-33.53663625,0.408014666,0.408014666,0,0,16.71244386,341.3611855
505_cam_left.jpg,505_cam_right.jpg,505_cam_center.jpg,0.049167134,-26.76292214,0.46359158,0.46359158,0,0,17.25688551,202.4322814
506_cam_left.jpg,506_cam_right.jpg,506_cam_center.jpg,0.035385273,-19.92599747,0.65994167,0,0,1,17.05579522,80.30613381
507_cam_left.jpg,507_cam_right.jpg,507_cam_center.jpg,0.023362342,-13.96201753,0.673105215,0,0,1,17.08039787,291.2330736
508_cam_left.jpg,508_cam_right.jpg,508_cam_center.jpg,0.002565323,-2.616616631,0.301440379,0.301440379,0,0,17.96032434,27.24309272
509_cam_left.jpg,509_cam_right.jpg,509_cam_center.jpg,-0.00385686,1.486836781,0,0,0,0,16.9922941,72.70219577
510_cam_left.jpg,510_cam_right.jpg,510_cam_center.jpg,-0.005234466,2.67956627,0,0,0,0,15.97821922,84.18400608
511_cam_left.jpg,511_cam_right.jpg,511_cam_center.jpg,-0.00498682,2.592615134,0,0,0,0,14.96932042,54.92865247
512_cam_left.jpg,512_cam_right.jpg,512_cam_center.jpg,-0.004391224,2.34082026,0,0,0,0,13.91610538,341.7947636
513_cam_left.jpg,513_cam_right.jpg,513_cam_center.jpg,-0.003624076,2.022307882,0,0,0,0,13.18889631,78.79031513
514_cam_left.jpg,514_cam_right.jpg,514_cam_center.jpg,-0.002523756,1.49590613,0,0,0,0,12.2533655,289.1606842
515_cam_left.jpg,515_cam_right.jpg,515_cam_center.jpg,-0.00172575,0.935101876,0,0,0,0,11.39876521,95.2881136
516_cam_left.jpg,516_cam_right.jpg,516_cam_center.jpg,-0.00186062,0.833795487,0,0.5,0,1,9.805680814,214.4062348
517_cam_left.jpg,517_cam_right.jpg,517_cam_center.jpg,-0.077090685,27.06542847,0,0,0,1,9.431223893,69.03499431
518_cam_left.jpg,518_cam_right.jpg,518_cam_center.jpg,-0.188281938,80.66506797,0,0,0,0,8.388651795,133.7012151
519_cam_left.jpg,519_cam_right.jpg,519_cam_center.jpg,-0.310609073,142.3276179,0,0,0,0,8.126557789,61.29319798
520_cam_left.jpg,520_cam_right.jpg,520_cam_center.jpg,-0.422744124,202.4778784,1.06E-07,1.06E-07,0,0,7.887480597,320.8305258
521_cam_left.jpg,521_cam_right.jpg,521_cam_center.jpg,-0.431879085,227.3085292,0.007756652,0.007756652,0,0,7.582922273,116.6735574
522_cam_left.jpg,522_cam_right.jpg,522_cam_center.jpg,-0.395947219,209.6273497,0,0,0,0,7.323254385,190.7006863
523_cam_left.jpg,523_cam_right.jpg,523_cam_center.jpg,-0.3421158,177.8917205,0.366327673,0.366327673,0,0,7.724383979,36.51964203
524_cam_left.jpg,524_cam_right.jpg,524_cam_center.jpg,-0.319114477,165.6073958,0.051761579,0.051761579,0,0,8.11239069,281.2659445
525_cam_left.jpg,525_cam_right.jpg,525_cam_center.jpg,-0.301959762,156.2188672,0.225562561,0.225562561,0,0,8.489774752,166.5739619
526_cam_left.jpg,526_cam_right.jpg,526_cam_center.jpg,-0.279449934,146.8869126,0.270742148,0.270742148,0,0,8.887046757,306.7169088
527_cam_left.jpg,527_cam_right.jpg,527_cam_center.jpg,-0.270517368,140.0354973,0.063912044,0.063912044,0,0,8.656607008,94.4468641
528_cam_left.jpg,528_cam_right.jpg,528_cam_center.jpg,-0.233471246,124.7258099,0.338695901,0.338695901,0,0,9.240961447,46.04175591
529_cam_left.jpg,529_cam_right.jpg,529_cam_center.jpg,-0.199535126,107.5665724,0.209249937,0.209249937,0,0,9.430852375,231.4374392
530_cam_left.jpg,530_cam_right.jpg,530_cam_center.jpg,-0.166311661,90.27717826,0.298552964,0.298552964,0,0,10.10742561,71.37594929
531_cam_left.jpg,531_cam_right.jpg,531_cam_center.jpg,-0.129428873,69.88640259,0.422987645,0.422987645,0,0,10.9321024,149.5591116
532_cam_left.jpg,532_cam_right.jpg,532_cam_center.jpg,-0.105762886,57.95103663,0.569357754,0.569357754,0,0,11.60293842,67.0143413
533_cam_left.jpg,533_cam_right.jpg,533_cam_center.jpg,-0.088838766,46.68788778,0.6377926,0.6377926,0,0,12.56581146,264.889021
534_cam_left.jpg,534_cam_right.jpg,534_cam_center.jpg,-0.081826388,43.37078195,0.777699392,0.777699392,0,0,13.5174949,175.9099923
535_cam_left.jpg,535_cam_right.jpg,535_cam_center.jpg,-0.091465452,44.03952531,0.360311158,0.360311158,0,0,14.50962708,89.20087426
536_cam_left.jpg,536_cam_right.jpg,536_cam_center.jpg,-0.101042632,50.97724972,0.07067555,0.07067555,0,0,14.48260428,214.2567628
537_cam_left.jpg,537_cam_right.jpg,537_cam_center.jpg,-0.112128626,57.42249502,0,0,0,0,13.75929608,229.7251632
538_cam_left.jpg,538_cam_right.jpg,538_cam_center.jpg,-0.120980979,59.7788452,0,0,0,0,13.00051569,205.1296713
539_cam_left.jpg,539_cam_right.jpg,539_cam_center.jpg,-0.136489757,68.60118687,0,0,0,0,12.4072766,356.5238504
540_cam_left.jpg,540_cam_right.jpg,540_cam_center.jpg,-0.174639975,85.9117167,0,0,0,0,11.84165606,215.6653651
541_cam_left.jpg,541_cam_right.jpg,541_cam_center.jpg,-0.188402194,90.8511492,0,0,0,0,11.32550423,33.82350549
542_cam_left.jpg,542_cam_right.jpg,542_cam_center.jpg,-0.201843079,100.5050217,0,0,0,0,10.7108318,90.76233126
543_cam_left.jpg,543_cam_right.jpg,543_cam_center.jpg,-0.220296449,107.5232056,0,0,0,0,10.42006607,344.205677
544_cam_left.jpg,544_cam_right.jpg,544_cam_center.jpg,-0.222521141,113.7432691,0.014473496,0.014473496,0,0,10.2151558,58.2899496
545_cam_left.jpg,545_cam_right.jpg,545_cam_center.jpg,-0.237018688,118.8790208,0,0,0,0,10.07062423,282.3285707
546_cam_left.jpg,546_cam_right.jpg,546_cam_center.jpg,-0.215672394,114.3937456,0.007419568,0.007419568,0,0,9.794841328,325.6880083
547_cam_left.jpg,547_cam_right.jpg,547_cam_center.jpg,-0.212774943,108.7506806,0.139754913,0.139754913,0,0,9.827241139,171.1382558
548_cam_left.jpg,548_cam_right.jpg,548_cam_center.jpg,-0.204342156,106.5346949,0.419395674,0.419395674,0,0,10.32103642,31.99694449
549_cam_left.jpg,549_cam_right.jpg,549_cam_center.jpg,-0.194628072,100.6388656,0.146293622,0.146293622,0,0,10.65588834,125.2855686
550_cam_left.jpg,550_cam_right.jpg,550_cam_center.jpg,-0.172407407,90.24902212,0.299943747,0.299943747,0,0,11.22777308,244.0832946
551_cam_left.jpg,551_cam_right.jpg,551_cam_center.jpg,-0.152277929,81.57295324,0.291981422,0.291981422,0,0,11.57911343,176.917511
552_cam_left.jpg,552_cam_right.jpg,552_cam_center.jpg,-0.125773412,67.88471422,0.253237725,0.253237725,0,0,11.99396527,0.413868951
553_cam_left.jpg,553_cam_right.jpg,553_cam_center.jpg,-0.086413615,46.93539268,0.44873787,0.44873787,0,0,13.17190058,358.7205104
554_cam_left.jpg,554_cam_right.jpg,554_cam_center.jpg,-0.071192959,38.89711811,0.535863488,0.535863488,0,0,13.605548,47.39878828
555_cam_left.jpg,555_cam_right.jpg,555_cam_center.jpg,-0.059264761,31.72712685,0.635025404,0.635025404,0,0,14.58494911,45.23462641
556_cam_left.jpg,556_cam_right.jpg,556_cam_center.jpg,-0.053362796,28.02590769,0.794707484,0.794707484,0,0,15.54901523,114.1432002
557_cam_left.jpg,557_cam_right.jpg,557_cam_center.jpg,-0.055994776,27.32263388,0.774344667,0.774344667,0,0,16.42644319,262.4275655
558_cam_left.jpg,558_cam_right.jpg,558_cam_center.jpg,-0.062241715,31.27746233,0.786668773,0,0,0.600000009,17.33213107,121.5623951
559_cam_left.jpg,559_cam_right.jpg,559_cam_center.jpg,-0.059434018,31.59286815,0.629032054,0,0,1,17.15486987,2.040922654
560_cam_left.jpg,560_cam_right.jpg,560_cam_center.jpg,-0.048769044,26.41613546,0.5239813,0,0,0.599999994,17.32587364,151.1253093
561_cam_left.jpg,561_cam_right.jpg,561_cam_center.jpg,-0.039500181,21.38216719,0.741800337,0.741800337,0,0,18.24274484,36.01024428
562_cam_left.jpg,562_cam_right.jpg,562_cam_center.jpg,-0.034265117,18.02776626,0.696637502,0.696637502,0,0,18.64006499,274.8024289
563_cam_left.jpg,563_cam_right.jpg,563_cam_center.jpg,-0.030392475,16.16421553,0.712126826,0.712126826,0,0,19.08773223,167.0316051
564_cam_left.jpg,564_cam_right.jpg,564_cam_center.jpg,-0.022835275,12.48998471,0.867770796,0.867770796,0,0,20.27078161,220.4502446
565_cam_left.jpg,565_cam_right.jpg,565_cam_center.jpg,-0.019146821,10.35255389,0.894123711,0.894123711,0,0,20.76665525,170.9961726
566_cam_left.jpg,566_cam_right.jpg,566_cam_center.jpg,-0.017468054,8.941203179,0.846402553,0.846402553,0,0,21.51431182,11.72535748
567_cam_left.jpg,567_cam_right.jpg,567_cam_center.jpg,-0.018339947,9.16668608,0.913428176,0.913428176,0,0,22.17003204,241.5193863
568_cam_left.jpg,568_cam_right.jpg,568_cam_center.jpg,-0.018035194,9.400748625,0.931323154,0.931323154,0,0,22.56292105,251.6845865
569_cam_left.jpg,569_cam_right.jpg,569_cam_center.jpg,-0.016234532,8.634739188,0.904843109,0.904843109,0,0,23.26808985,168.8102918
570_cam_left.jpg,570_cam_right.jpg,570_cam_center.jpg,-0.011958784,6.691534416,0.849772887,0.849772887,0,0,23.88377266,113.1526784
571_cam_left.jpg,571_cam_right.jpg,571_cam_center.jpg,-0.007987265,4.301595618,0.955287942,0.955287942,0,0,24.87992025,261.0583079
572_cam_left.jpg,572_cam_right.jpg,572_cam_center.jpg,-0.006539605,3.481479217,0.911271009,0.911271009,0,0,25.40848434,274.0267519
573_cam_left.jpg,573_cam_right.jpg,573_cam_center.jpg,-0.005000544,2.829700128,0.970429405,0.970429405,0,0,25.86229477,31.47427566
574_cam_left.jpg,574_cam_right.jpg,574_cam_center.jpg,-0.002314812,1.487960943,0.977660646,0.977660646,0,0,26.49103752,91.57591874
575_cam_left.jpg,575_cam_right.jpg,575_cam_center.jpg,-2.86E-05,0.255243438,0.992913592,0.992913592,0,0,27.20130089,176.9901846
576_cam_left.jpg,576_cam_right.jpg,576_cam_center.jpg,0.001255624,-0.524427951,0.990379813,0.990379813,0,0,27.65732311,289.3278206
577_cam_left.jpg,577_cam_right.jpg,577_cam_center.jpg,0.001510545,-0.791206501,0.996092954,0.996092954,0,0,27.96327971,121.4772477
578_cam_left.jpg,578_cam_right.jpg,578_cam_center.jpg,0.001128076,-0.641584442,0.998954557,0.998954557,0,0,29.21870195,149.4271904
579_cam_left.jpg,579_cam_right.jpg,579_cam_center.jpg,-0.001724783,0.403560544,0.118648221,0.118648221,0,0,29.31479376,353.6486826
580_cam_left.jpg,580_cam_right.jpg,580_cam_center.jpg,-0.006038873,2.516021391,0,0,0,0,26.4625038,171.7951208
581_cam_left.jpg,581_cam_right.jpg,581_cam_center.jpg,-0.012112972,5.490585211,0,0,0,0,26.43625992,268.4767399
582_cam_left.jpg,582_cam_right.jpg,582_cam_center.jpg,-0.023332421,10.58675743,0.821316958,0.821316958,0,0,26.80951527,107.7731909
583_cam_left.jpg,583_cam_right.jpg,583_cam_center.jpg,-0.03011824,14.85282245,0.665464448,0.665464448,0,0,27.10408934,200.8345442
584_cam_left.jpg,584_cam_right.jpg,584_cam_center.jpg,-0.030697086,16.0162474,0.668377857,0.668377857,0,0,27.46589796,309.0614517
585_cam_left.jpg,585_cam_right.jpg,585_cam_center.jpg,-0.024721075,13.40285886,0.554785247,0.554785247,0,0,27.84049398,77.49037888
586_cam_left.jpg,586_cam_right.jpg,586_cam_center.jpg,-0.017411097,9.866482961,0.201536088,0.201536088,0,0,27.93446651,218.183242
587_cam_left.jpg,587_cam_right.jpg,587_cam_center.jpg,-0.012287963,7.02955986,0.032385585,0.032385585,0,0,27.85024944,48.93475454
588_cam_left.jpg,588_cam_right.jpg,588_cam_center.jpg,-0.008492562,4.163805475,0,0,0,0,24.57635925,305.3509054
589_cam_left.jpg,589_cam_right.jpg,589_cam_center.jpg,-0.005481573,3.281752756,0.095716348,0.095716348,0,0,24.99790976,308.8670705
590_cam_left.jpg,590_cam_right.jpg,590_cam_center.jpg,-0.002209396,1.409088817,0,0,0,0,23.93671675,314.7404546
591_cam_left.jpg,591_cam_right.jpg,591_cam_center.jpg,-0.000143009,0.261138395,0,0,0,0,22.48102404,55.02189151
